topic,nama_topik,jumlah_dokumen,proporsi_negatif,tren_tahunan,volume_norm,negatif_norm,tren_norm,skor_prioritas
0,Kenaikan Harga Beras dan Pangan,81,0.5556,4.3714,1.0,0.5883100381194409,0.44065897435897433,0.7234558101195713
4,Diskusi Program Makan Bergizi Gratis,46,0.5435,42.0,0.5070422535211268,0.5754976704786108,0.923076923076923,0.6176313542152796
10,Kelaparan dan Kehidupan Masyarakat Adat,37,0.8649,1.6744,0.380281690140845,0.9158195679796697,0.40608205128205127,0.5996569135046161
1,Komentar Menu Makan Bergizi Gratis,56,0.3214,48.0,0.647887323943662,0.3403218975010589,1.0,0.5952836885778885
13,Kritik Pajak dan Kebijakan Pemerintah,33,0.7576,3.9492,0.323943661971831,0.8022024565861924,0.43524615384615384,0.5375076781924402
6,Diskusi Umum tentang MBG,41,0.6341,4.0714,0.43661971830985913,0.671431596781025,0.43681282051282044,0.5305830901389178
54,Kritik Penanganan Masalah MBG,17,0.9412,2.6923,0.09859154929577466,0.9966116052520119,0.4191320512820512,0.5219076720755249
51,Pemborosan Makanan MBG,18,0.9444,-1.5,0.11267605633802816,1.0,0.36538461538461536,0.5181473456121344
43,Pengawasan Program Pemerintah,21,0.8571,2.9429,0.15492957746478872,0.9075603557814486,0.42234487179487173,0.5094649476574693
12,Impor Beras Nasional,33,0.697,2.0508,0.323943661971831,0.7380347310461668,0.41090769230769225,0.5069728956687376
7,Kemiskinan dan Kerawanan Pangan,41,0.5854,2.8721,0.43661971830985913,0.6198644642100806,0.42143717948717946,0.5068811089054118
8,Perbandingan Program MBG,39,0.5385,14.0,0.4084507042253521,0.5702033036848793,0.5641025641025641,0.5042821159846054
38,Komentar Umum,22,0.8182,1.5135,0.16901408450704228,0.8663701821262177,0.40401923076923074,0.4949575528071502
3,Sekolah Rakyat dan Anak,48,0.4167,10.0,0.5352112676056338,0.44123252858958073,0.5128205128205128,0.4931416210421884
31,Komentar Isu Pemerintahan,25,0.72,3.0,0.21126760563380284,0.7623888182973316,0.423076923076923,0.4740779541878384
15,Pelaksanaan MBG di Sekolah,31,0.5161,23.0,0.295774647887324,0.5464845404489623,0.6794871794871795,0.47280111123195045
82,Perbandingan Indonesia dan Timor Leste,11,0.9091,0.5,0.01408450704225353,0.9626217704362559,0.39102564102564097,0.468887639196532
65,Kemiskinan dan Dampak MBG,14,0.8571,1.5714,0.05633802816901409,0.9075603557814486,0.40476153846153845,0.46651166127249283
64,Penolakan Program MBG,15,0.7333,13.0,0.0704225352112676,0.7764718339686573,0.5512820512820512,0.44901415792838023
40,Kritik Penggunaan Pajak untuk MBG,22,0.6818,4.7857,0.16901408450704228,0.7219398559932232,0.4459705128205128,0.4455756787642088
5,Dukungan kepada Pemerintah Daerah,43,0.3953,4.7353,0.46478873239436613,0.41857263871240996,0.44532435897435896,0.44240942023758223
21,Pelaksanaan Dapur MBG,28,0.5,18.0,0.2535211267605634,0.529436679373147,0.6153846153846153,0.4362600455304072
46,Produksi Beras Nasional,20,0.7,2.2373,0.14084507042253522,0.7412113511224058,0.4132987179487179,0.43548231220772005
37,Evaluasi Program MBG Daerah,23,0.6087,5.0,0.18309859154929578,0.6445362134688691,0.4487179487179487,0.4207975117508557
42,Kritik terhadap Pemerintah,21,0.619,7.0,0.15492957746478872,0.6554426090639559,0.47435897435897434,0.41902066948329275
68,Ketepatan Penyaluran Bansos,14,0.7143,2.7143,0.05633802816901409,0.7563532401524778,0.41941410256410255,0.40895932784141736
67,Diskusi Sosial Masyarakat,14,0.7143,1.3529,0.05633802816901409,0.7563532401524778,0.4019602564102564,0.4054685586106481
86,Komentar Sidak Program MBG,11,0.7273,2.25,0.01408450704225353,0.7701185938161795,0.41346153846153844,0.3963735480356809
36,Ketepatan Sasaran Program,23,0.5652,2.0465,0.18309859154929578,0.5984752223634053,0.41085256410256404,0.39480003838559324
19,Pengalaman Pribadi,29,0.4483,3.0882,0.2676056338028169,0.4746929267259636,0.4242076923076923,0.38176096267305065
77,Pembukaan Dapur MBG Daerah,12,0.6667,4.0,0.028169014084507032,0.7059508682761542,0.43589743589743585,0.3808274401237517
80,Tender Politik Program MBG,12,0.6667,0.0,0.028169014084507032,0.7059508682761542,0.3846153846153846,0.3705710298673414
23,Variasi Menu Harian MBG,27,0.4074,6.3,0.23943661971830985,0.4313850063532401,0.46538461538461534,0.36140557350554303
72,Pendidikan dan Kebijakan Negara,13,0.5385,9.0,0.04225352112676056,0.5702033036848793,0.49999999999999994,0.34498272992465595
56,Konsumsi Ikan dan Gizi,17,0.5294,1.1,0.09859154929577466,0.560567556120288,0.3987179487179487,0.3434072319100148
16,Komentar Personal,31,0.2581,13.0,0.295774647887324,0.27329521389241845,0.5512820512820512,0.33788435496830727
39,Komentar Bahasa Daerah Maluku,22,0.4545,0.0,0.16901408450704228,0.48125794155019064,0.3846153846153846,0.3370318873459701
32,Swasembada Pangan,24,0.4167,1.6757,0.19718309859154928,0.44123252858958073,0.40609871794871794,0.3365859944621956
47,Kritik Makanan Bergizi Gratis,20,0.45,3.3571,0.14084507042253522,0.4764930114358323,0.4276551282051282,0.33246625838437266
53,Kebiasaan Konsumsi Masyarakat,17,0.4706,1.5,0.09859154929577466,0.49830580262600593,0.4038461538461538,0.319528171537943
2,Ketahanan Pangan Provinsi Maluku,51,0.0196,-0.8372,0.5774647887323944,0.02075391783142736,0.37388205128205126,0.314063892881939
27,Komentar Porsi dan Menu Makanan,26,0.3077,4.0571,0.22535211267605634,0.3258153324862346,0.43662948717948713,0.3077928755008138
41,Pertanyaan Lokasi dan Distribusi Beras,21,0.381,1.3429,0.15492957746478872,0.403430749682338,0.40183205128205124,0.30371054111526097
11,Doa dan Harapan Masyarakat,33,0.2121,2.4857,0.323943661971831,0.22458703939008895,0.4164833333333333,0.30270894721143465
57,Kepala Daerah dan Kebijakan,16,0.4375,2.1714,0.08450704225352113,0.4632570944515036,0.4124538461538461,0.30159642391277913
69,Pertanyaan Jadwal Program,14,0.4286,8.0,0.05633802816901409,0.45383312155866157,0.4871794871794871,0.3015043573269677
17,Permintaan Menu MBG,31,0.1613,11.5,0.295774647887324,0.17079627276577722,0.532051282051282,0.2930386246714969
48,Komentar Sekolah Daerah,19,0.2632,17.0,0.12676056338028172,0.27869546802202455,0.6025641025641025,0.28269523307374306
59,Keluhan Ketersediaan Beras,16,0.375,1.0,0.08450704225352113,0.3970775095298602,0.3974358974358974,0.27212100020053204
50,Jadwal Produksi dan Distribusi MBG,19,0.3158,3.5,0.12676056338028172,0.33439220669207964,0.42948717948717946,0.2703585439263805
22,Potensi Perikanan Maluku,28,0.2143,-1.1525,0.2535211267605634,0.22691656077933078,0.36983974358974353,0.2661430237339064
30,Pertanyaan Informasi MBG,25,0.2,2.1429,0.21126760563380284,0.2117746717492588,0.4120884615384615,0.25163460326091697
34,Evaluasi Program MBG,24,0.2083,2.9286,0.19718309859154928,0.22056332062685305,0.4221615384615384,0.2515308753796687
61,Lowongan dan Kondisi Kerja MBG,15,0.3333,1.9286,0.0704225352112676,0.35292249047013974,0.4093410256410256,0.25120621540076804
60,PSN Merauke dan Ketahanan Pangan,15,0.3333,0.0,0.0704225352112676,0.35292249047013974,0.3846153846153846,0.24626108719563986
9,Bantuan Sosial Presiden,37,0.0541,-4.0,0.380281690140845,0.0572850487081745,0.3333333333333333,0.24169336220627446
44,Food Estate dan Ketahanan Pangan,21,0.2381,-0.2571,0.15492957746478872,0.2521177467174926,0.38131923076923074,0.2390827758267587
33,Pemerintah Provinsi Maluku Utara,24,0.125,1.3,0.19718309859154928,0.13235916984328674,0.40128205128205124,0.21207331763034468
28,Gerakan Pangan Murah,26,0.0769,1.5,0.22535211267605634,0.08142736128759,0.4038461538461538,0.2034810203546893
18,Kegiatan Gizi di Maluku Tengah,29,0.0345,0.3919,0.2676056338028169,0.03653113087674714,0.38963974358974357,0.19958265458977434
49,Komentar tentang Ibu dan Sekolah,19,0.1579,1.9459,0.12676056338028172,0.16719610334603982,0.4095628205128205,0.19949523079309273
85,Keluhan Ketersediaan Produk,11,0.2727,0.3571,0.01408450704225353,0.28875476493011437,0.3891935897435897,0.1989744267376651
20,Ketahanan Pangan oleh TNI,29,0.0345,-0.6,0.2676056338028169,0.03653113087674714,0.3769230769230769,0.197039321256441
79,Ganjar dan Aktivitas Politik,12,0.25,0.8,0.028169014084507032,0.2647183396865735,0.39487179487179486,0.1961293004827912
78,Ketahanan Pangan Kawasan Timur Indonesia,12,0.25,0.5143,0.028169014084507032,0.2647183396865735,0.39120897435897434,0.1953967363802271
24,Ucapan Doa dan Motivasi,26,0.0385,2.7857,0.22535211267605634,0.040766624311732315,0.42032948717948715,0.19051339223101288
26,Program Penurunan Stunting,26,0.0385,-1.6,0.22535211267605634,0.040766624311732315,0.3641025641025641,0.17926800761562828
29,Stunting di Maluku Utara,25,0.04,-0.5405,0.21126760563380284,0.04235493434985176,0.3776858974358974,0.17698619548064132
84,Usulan Menu MBG,11,0.1818,5.0,0.01408450704225353,0.19250317662007624,0.4487179487179487,0.17237866320852166
87,Permintaan Menu MBG,10,0.2,3.5,0.0,0.2117746717492588,0.42948717948717946,0.1706073045971394
35,Pangan Lokal Maluku,23,0.0435,0.6351,0.18309859154929578,0.046060991105463786,0.39275769230769225,0.1702153715234423
75,Ucapan Sehat dan Dukungan,12,0.1667,1.2143,0.028169014084507032,0.17651418890300719,0.4001833333333333,0.16190994786167234
71,Musim Kemarau dan Ketahanan Pangan,13,0.1538,0.5593,0.04225352112676056,0.16285472257518,0.3917858974358974,0.16040047696795573
55,Apresiasi Menu Ikan,17,0.0588,-0.2647,0.09859154929577466,0.062261753494282084,0.38122179487179486,0.1405856800903817
45,Distribusi Bansos Maluku Tenggara,21,0.0,0.0,0.15492957746478872,0.0,0.3846153846153846,0.13889490790899242
25,Kasus Keracunan Makanan MBG,26,0.0769,-24.0,0.22535211267605634,0.08142736128759,0.07692307692307687,0.13809640497007392
14,Kasus Keracunan Program MBG,32,0.0312,-30.0,0.3098591549295775,0.03303684879288437,0.0,0.13715840148898475
73,Gizi dan Kantin Sehat,12,0.0833,0.3529,0.028169014084507032,0.08820415078356629,0.38913974358974357,0.12437721466517807
52,Implementasi Program MBG,18,0.0,0.0,0.11267605633802816,0.0,0.3846153846153846,0.12199349945828819
83,Kunjungan Presiden ke Maluku,11,0.0909,-2.25,0.01408450704225353,0.09625158831003812,0.3557692307692307,0.11528828429476282
81,Apresiasi terhadap SPPG,12,0.0,8.0,0.028169014084507032,0.0,0.4871794871794871,0.10870350306970024
63,Pengendalian Inflasi Pangan,15,0.0,-0.8,0.0704225352112676,0.0,0.3743589743589743,0.10304080895630191
58,Kunjungan Presiden dan Infrastruktur,16,0.0,-4.6667,0.08450704225352113,0.0,0.3247858974358974,0.09875999638858793
62,Program Air Bersih Maluku Barat Daya,15,0.0,-2.7,0.0704225352112676,0.0,0.35,0.09816901408450704
66,SPPG Polri,14,0.0,-2.0,0.05633802816901409,0.0,0.3589743589743589,0.09433008306247742
70,Informasi Harga dan Lowongan,13,0.0,-1.0,0.04225352112676056,0.0,0.37179487179487175,0.09126038280967859
76,Pembangunan Bendungan,12,0.0,-2.1429,0.028169014084507032,0.0,0.35714230769230765,0.08269606717226435
74,Rekap Kasus Keracunan MBG,12,0.0,-6.0,0.028169014084507032,0.0,0.30769230769230765,0.07280606717226434
