Topic,Count,Name,Representation,Representative_Docs
-1,229,-1_maluku_provinsi maluku_provinsi_bahan,"['maluku', 'provinsi maluku', 'provinsi', 'bahan', 'pangan', 'mbg', 'lapangan', 'pernah', 'kerja', 'ketahanan']","['panen anggur brimob malut dukung ketahanan pangan nasional wujud nyata dukungan program ketahanan pangan nasional personel kompi batalyon pelopor satbrimob polda maluku utara melaksanakan panen anggur lahan produktif kesatuan', 'panen anggur brimob malut dukung ketahanan pangan nasional wujud nyata dukungan program ketahanan pangan nasional personel kompi batalyon pelopor satbrimob polda maluku utara melaksanakan panen anggur lahan produktif kesatuan', 'panen anggur brimob malut dukung ketahanan pangan nasional wujud nyata dukungan program ketahanan pangan nasional personel kompi batalyon pelopor satbrimob polda maluku utara melaksanakan panen anggur lahan produktif kesatuan']"
0,81,0_harga_beras_harga beras_mahal,"['harga', 'beras', 'harga beras', 'mahal', 'naik', 'beras mahal', 'sembako', 'kenaikan', 'maluku', 'kenaikan harga']","['swasembasa beras woyyy melimpah pemerimtah omon omon beras ditumpuk gudang gudang pulau jswa laporan presiden persediaan beras digudan tertinggi dlm sejarah rakyat beli beras dngn harga mahal logikanta barang suplus permintaan tatap harga dimainkan petmintasn tinggi stok barang berkurang harga dimainkan lebih tinggi harga normal makanya swasembada beras omon omon menterinya tetap dipakai', 'swasembada beras bukan pangan harga beras mahal', 'swaambada pangan ngk swambada pangan beras jual mahal didalam negri apa statmen beras mahal rakyat disuruh nanam padi sendiri namanya swambada pangan tanda manfaatnya satu merungangi ketergantungan beras impor kedua pastinya karna beras melimpah stok cadangan melimpah mengurangi dampak kenaikan harga beras dijual mahal kedua artinya bukan swambada pangan harga beras terus meroket apa ditambah pemimpin goblok mengekspor beras negara harga murah didalam negri rakyat dicekik dijual mahal']"
1,56,1_enak_mbgnya_kurang_enak mbg,"['enak', 'mbgnya', 'kurang', 'enak mbg', 'sppg', 'enak enak', 'susu', 'menu', 'besok', 'menunya']","['bikinin telor balado enak sama kasih susu soalnya kata temen temen aku enak buanget', 'embege enak enak', 'jalan provinsi cirebon bandung tepatna depan pom desa cicadas kec jatiwangi kab majalengka aya logak mni jero tuur katincak uing sampe oblak setirna keur boga duit han rebu perak bensin erep susu orok erep beas euweuh kontrakan can mayar eehh motor malah kendala gagara logak eta jeng jalan desa rancaputat kecamatan sumber jaya kab majalengka eta nanjak mudun paur gelombang basa peuting labuh bah dinya petinggi jabatan arenak enak dahar ngeunah pamajikan nyanding hutang teu boga imah boga moal ayanu ngusir lamun telat bayar kontrakan']"
2,51,2_dinas_dinas ketahanan_pangan provinsi_provinsi,"['dinas', 'dinas ketahanan', 'pangan provinsi', 'provinsi', 'provinsi maluku', 'ketahanan pangan', 'pangan', 'ketahanan', 'ambon', 'kepala']","['dinas ketahanan pangan provinsi maluku melalui bidang keamanan pangan melakukan pengawasan pangan segar asal tumbuhan supermarket dian pertiwi kota ambon ambon mei', 'dinas ketahanan pangan provinsi maluku menjadi tuan rumah pelaksanaan rapat tpid provinsi maluku diselenggarakan ruang rapat dinas ketahanan pangan provinsi maluku jumat september', 'dinas ketahanan pangan provinsi maluku melalui bidang keamanan pangan melakukan pengawasan pangan segar asal tumbuhan oasis market kota ambon ambon mei']"
3,48,3_anak_anak anak_tua_buaya,"['anak', 'anak anak', 'tua', 'buaya', 'tuhan', 'terima kasih', 'lebih', 'terima', 'terpilih', 'pengumuman penempatan']","['dihadapan sekber perwakilan pemda gus ipul tegaskan sekolah rakyat anak anak istimewa jakarta menteri sosial saifullah yusuf gus ipul menegaskan sekolah rakyat merupakan program pendidikan afirmatif pendekatan istimewa khusus anak anak', 'anak arnold jansen hutabarat sempat mengangis melihat positif thinking semua kebaikan anak tgl januari anak teman teman dilantik bandung sekarang anak bogor melanjutkan pendidikan kecabangan zeni anak sopir truk penjual sayur waktu smp anak sdh membantu orang tua mulung pasar induk cibitung terima kasih nak mengangkat derajat orang tua terima kasih bapak pelatih terima kasih tuhan yesus', 'puji tuhan tgl maret lalu anak dilantik bogor pelantikan sekalian pengumuman penempatan tugas puji tuhan anak terpilih masuk bintara kopassus sekarang pembinaan cijantung jakarta semua sia menjalankannya ikhlas selalu berdoa anak menjadi anggota tni bersyukur bangga ternyata tuhan menjawab doa pengumuman penempatan pasrah seandainya anak tempatkan daerah jauh terpencil terlebih daerah konflik inilah kenyataannya anak orang temannya terpilih masuk kopassus sebelumnya terpilih mengikuti test selama hari hasil akhirnya lulus diumumkan pelantikan sekaligus pengumuman penempatan tugas sekali terimakasih bapak pelatih mendidik anak terima kasih buat anakku arnold jansen hutabarat tetaplah rendah hati semua bukan kuat hebat nak campur tangan tuhan yesus kamu bukan siapa']"
4,46,4_mbg_you_mbg mbg_lop,"['mbg', 'you', 'mbg mbg', 'lop', 'bangkala', 'mbg bangkala', 'mbg polisi', 'semangat mbg', 'polisi', 'stop mbg']","['prajogo pangestu rcti you could double taxes pay not gonna help teacher maluku promise you since incremental budget will mbg', 'mbg palsu istri semenjak hamil melahir cuman minggu berturut turut mbg isinya tempe semangga satu potong sekarang anak bulan anak umur tahun kelas sekarang jatah mbg mbg kampret', 'alhamdulillah lima hari mbg bangkala selalu menyiapkan makanan bergizi enak terima kasih buat ibu ahli gizi chef relawa mbg bangkala jangan lupa doakan mbg tetap berjaya terus satu kata miss you forever']"
5,43,5_pak_walikota_pak walikota_pak pak,"['pak', 'walikota', 'pak walikota', 'pak pak', 'pak prabowo', 'semangat', 'pak pol', 'pak mbg', 'semangat pak', 'kang']","['ditidak mbg tulang bawang barat desa panaragan jaya utama sekitarnya pak', 'ditidak mbg tulang bawang barat desa panaragan jaya utama sekitarnya pak', 'mau melapor pak karna begini kakak lansia pekerjaan tukang bersih rumput kadang kerjaan kadang dak sedang makan dibantu keluarga seadanya kayak dapet pak padaha tau diusulkan pak hrs melaporkan jemana kakak bantuan minimal utk biaya pangan']"
6,41,6_mau_gimana_bang_apa,"['mau', 'gimana', 'bang', 'apa', 'cara', 'gimna cara', 'apa mau', 'gimna', 'mau makan', 'jadi']","['rezim tabrak tabrak aturan pusat bikin aturan daerah kebagian bencana pemda ngaku pernah dilibatkan apa mau diharapin ribuan orang bilang mbg bermanfaat depan mata prabowo didenger beginilah wajah bangsa besar besar', 'ngabisin brapa lama waktu prasmanan mau sekolah cari ilmu apa mau gimana tambah riweh ieu indonesia mikirin cuma makan', 'bansos gimana bansos kenaikan gaji bawaslu pemilu gimana gibran ngumpulin kades maluku gimana oke undang presiden kampanye syarat hrs cuti cuti paparin undang presiden sndiri jgn mengeluh indonesia lbh sulit ldh skrng']"
7,41,7_orang_orang orang_liar_babi liar,"['orang', 'orang orang', 'liar', 'babi liar', 'babi', 'orang kaya', 'tersebut', 'kelaparan', 'mungkin', 'orang susah']","['allah dengarkan lah orang orang kaya menjadi orang miskin bukan pilihan bersyukurlah wahai orang kaya gunakanlah kekayaan berbagi gunakanlah kebaikan menjadi keberkahan', 'keluarga benar benar punya uang senpun terlihat pernyataan pak bulan oktober minta pln mencabut arus listrik kerumahnya orang orang percaya punya rumah pertanyaan sertifikatnya jangan jangan gadaian bank tak mampu menebusnya mau dijual mau beli punya uang sama sekali akhirnya mati kelaparan saudara saudaranya malu perhatian jadi mengatakan percaya pikiran', 'liat singkat tersebut menyimpulkan orang disekitar lokasi tersebut jauh berbeda sekumpulan babi liar babi liar sendiri disetiap perkumpulannya mendapati saudara sejenisnya dimangsa buaya reaksi diam menonton pertolongan sama sekali jadi menyimpulkan orang lokasi tersebut sekumpulan babi liar pejabat memimpin lokasi tersebut peternak babi liar sekaligus pemelihara buaya tersebut sewaktu memberikan peliharaannya tersebut babi liar hewan peliharaanya buaya alasan perlindungan hewan semacamnya']"
8,39,8_lebih_lebih baik_baik_mba,"['lebih', 'lebih baik', 'baik', 'mba', 'pke', 'cantik', 'mba fit', 'fit', 'benar', 'bermanfaat']","['tutup mbg lebih baik biar bahan pokok mahal rakyat kecil tutup ituu lebih baik', 'cantik mba fit pke gamis kaya elegant trs auranya mahal lebih suka style drpd one set soalnya mba fot tinggi klo pke gamisan jenjang keliatan klo pke one set kaya ngatung', 'minta mutasi pak bogor bogor jadi surganya pelanggar lalu lintas mulai knalpot broong lawan arah pakai spion plat nomor baik bogor kota ataupun kabupaten sepertinya kekurangan personil polantas lebih aktif ruas jalannya malah dishub memiliki kewenangan menindak pelanggaran bahkan pak ogah lebih aktif menjaga persimpangan']"
9,37,9_manfaat_penerima_penerima manfaat_bansos,"['manfaat', 'penerima', 'penerima manfaat', 'bansos', 'iriana', 'ibu iriana', 'presiden', 'pasar', 'bantuan', 'blt']","['kabupaten maluku tenggara kamis september sana presiden ibu iriana meninjau sekaligus memberikan bantuan sosial bansos penerima manfaat pasar tersebut', 'presiden didampingi ibu iriana joko widodo meninjau penyerahan bansos kpd penerima manfaat prov maluku presiden menyerahkan bansos berupa blt bbm sembako blt peserta pkh kantor pos tual kab maluku tenggara rabu september', 'hari kedua presiden ibu iriana meninjau sekaligus memberikan bantuan sosial bansos penerima manfaat pasar tersebut']"
10,37,10_kelaparan_hutan_meninggal_bukan,"['kelaparan', 'hutan', 'meninggal', 'bukan', 'keluarga', 'mencuri', 'akal', 'masuk akal', 'suku', 'jaga']","['hutan suku asli mendiami hutan tersebut suku togutil memilih mengasingkan diri hutan lambatlaun hutanrka habis mrka mnyadari bhwa hutan mrka rusak hidup mrka terancam akn sma papua kkb berataenamakan negara hak kepemilikan pribumi rampas pakai tanmpa mengingat bertahun pribumi tersebut menjaga hutan', 'gua kurang percaya meninggal karna kelaparan karna manusia punya insting bertahan hidup meninggalnya beda waktu beda tempat komen ditiktok banyak ngeduga keluarga takutnya anut aliran sesat mewajibkan puasa berlebihan mengakibatkan semua meninggal misal waras tau salah satu meninggal duluan panik minta bantuan tetangga tapikan ngga malah meninggal semua diwaktu berbeda', 'ditemukan makanan perut bukan berarti kelaparan sakit muntah muntah meninggal pernah keracunan kerang laut muntah isi perut benar benar kosong diberita ditemukan bedak bayi kapur barus kemungkinan sebelumnya anggota keluarga meninggal terlebih anggota keluarga lainya berinisiatif bagaimana mayat bau bau rumah tertutup menyebabkan anggota keluarga nafsu makan menyebabkan sakit akhirnya meninggal maaf asumsi']"
11,33,11_allah_alhamdulillah_swt_allah swt,"['allah', 'alhamdulillah', 'swt', 'allah swt', 'terakhir', 'abu', 'amal', 'mendoakan', 'dgn', 'kamu']","['alhamdulillah yaa allah indonesia swasembada pangan mandiri allah swt meridhoi perjuangan amran aamiin', 'aku lihat negara mana lihat vidio emas melulu perairan daratan emas banyak kuning menyerbu smoga indonesia limpahkan rijki allah amiin makin depan mskin dunia orang kaya dekat kiamat allah memberikan rejeki', 'ganjaran allah swt utk segala dilakukan tergantung kpd niat niat benar dgn cara meski niatnya murni utk mempermudahkan ibunya caranya benar niat baik pernah sia siapa tahu klu allah swt membikin terkurung mempersiapkan utk baik utk ibunya bila bebas kelak marilah sama doakan mohon doakan aku diberikan kekuatan iman kerana aku pendosa tegar abu darda bahawa rasullullah bersabda _tidak seorang hamba muslim mendoakan utk saudaranya pengetahuan saudaranya belakangnya malaikat berkata kamu seumpamanya muslim abu musa ash ari meriwayatkan bahawa orang yahudi sering bersin hadapan rasullullah dgn harapan baginda mendoakan dgn ucapan yarhamukumullah ertinya _semoga allah merahmati kamu_ rasulullah mendoakan dgn ucapan yahdikumullah yuslihu balakum ertinya _semoga allah memberi kamu petunjuk memperbaiki keadaan kamu_ abu daud allahumma salli ala sayyidina muhammad ala alihi sayyidina muhammad']"
12,33,12_beras_titiek_ramos_beras ramos,"['beras', 'titiek', 'ramos', 'beras ramos', 'impor beras', 'petugas', 'impor', 'rusak', 'klo beras', 'ketan']","['beras sulsel mgkn pangsa pasar utk daerah sulawesi tenggara utara maluku sedang beras merauke pangsa pasarx utk daerah papua timika sorong jayapura shingga harga beras dseluruh stabil petani bahagia tdk perlu impor beras', 'produksi beras memang naik memang melimpah jadi masalah pemerintahan pak prabowo banyak lingkaran setan mau berhenti otak cuma korupsi korupsi mengakibatkan berdampak masyarakat sendiri paling susah sulit pak prabowo bukti kabupaten kaur bengkulu lampung rata rata petani punya banyak beras lebih daerah ikut program swasembada beras produksi melimpah', 'akibat keserakahan petugas pemerintahan percaya memerintah dipilih rakyat petugas pemerintah bekerja tdk becus tdk terbuka rakyat ibarat kacang lupa kulitnya korupsi terus beras kebuang krn rusak coba klo salurkan berbagai penjuru jual dgn harga turun dulu ibarat nyumbang rakyat petugas pikiran picik licik jdnya beras rusak lebih senang beras kebuang percuma']"
13,33,13_rakyat_banjir_rakyat rakyat_pajak,"['rakyat', 'banjir', 'rakyat rakyat', 'pajak', 'pak', 'jujur', 'seterus', 'pajak rakyat', 'cair seterus', 'prabowo']","['banjir kalsel banjir manado banjir maluku banjir cirebon banjir semarang banjir puncak bogor banjir pekalongan bansos kau curi alam kau rusak rakyat hujan kau salahkan', 'semua orang lingkarannya prabowo gkada punya empati kracunan mbg guru honorer korban banjir aceh rakyat adat kalimantan sulawesi maluku papua korban banjir aceh malah membangun mbg kopdes lokasi banjir intinya prabowo gkada benernya', 'rakyat rakyat pajak rakyat']"
14,32,14_siswa_keracunan_diduga_gratis mbg,"['siswa', 'keracunan', 'diduga', 'gratis mbg', 'bergizi gratis', 'gratis', 'makan bergizi', 'bergizi', 'kabupaten', 'mengalami']","['kasus keracunan program makan bergizi gratis mbg terjadi jawa tengah kali puluhan siswa negeri ungaran dilaporkan mengalami gejala keracunan usai menyantap menu mbg selasa siang pemerintah provinsi jawa tengah menyebut', 'puluhan siswa sekolah menengah atas maluku diduga keracunan usai menyantap menu makan bergizi gratis mbg kamis siswa sekolah menengah pertama smp negeri pulau babar negeri tepa kecamatan babar barat kabupaten maluku barat daya mbd', 'puluhan siswa sekolah menengah atas maluku diduga keracunan usai menyantap menu makan bergizi gratis mbg kamis program andalan pragib']"
15,31,15_sekolah_mbg sekolah_sppg_semua sekolah,"['sekolah', 'mbg sekolah', 'sppg', 'semua sekolah', 'kantin sekolah', 'mbg', 'yaa mbg', 'sekolah uln', 'sekolah smp', 'tulis']","['sebaiknya khusus sediakan alat tulis buku tulis sekolah koperasi gratis dng syarat staf sekolah jng menyalahgunakan alat tersebut buku pelajaran jadi mampu pinjam perpustakaan kembalikan selesai belajar dng syarat pekerjaan rumah', 'setauku tiap sppg dapur ngke handle beberapa sekolah bukan cuma sekolah bener jadi kayaknya susah manage sistem mbg dibikin prasmanan dadakan sekolah ditambah takutnya jadi menggangu waktu aktivitas belajar mengajar', 'heran sekian puluh sekolah kirim dapur knapa cuma sekolah kracunan semua murid knapa sekolah memang makanan beracun sabotase apa gimna sieh alergi makanan stiap dapur sppg ahli gizi chef bertanggung jawab slalu mencicipi makan']"
16,31,16_suka_kucing_buah_kucingku,"['suka', 'kucing', 'buah', 'kucingku', 'melon', 'suka buah', 'kucing aku', 'kucingku suka', 'kucing suka', 'suka makan']","['kucing aku suka makan jagung', 'kak kucing aku suka buah buahan', 'kucingku suka buah pling suka buah melon']"
17,31,17_ayam_request_ayam kecap_besok,"['ayam', 'request', 'ayam kecap', 'besok', 'ayam geprek', 'geprek', 'kecap', 'deng', 'hari senin', 'kaka']","['bang rekues hari senin nasi putih deng ayam goreng pake sambal', 'ayam kecap hari senin', 'request ayam geprek']"
18,29,18_maluku tengah_tengah_luhkan_kab,"['maluku tengah', 'tengah', 'luhkan', 'kab', 'kegiatan', 'kegiatan makan', 'luhkan maluku', 'kab maluku', 'rangka', 'bppp ambon']","['minggu nesti romeon luhkan kab maluku tengah mengikuti kegiatan safari gemarikan rangka percepatan penurunan stunting gizi buruk', 'kamis meigie joris luhkan kab maluku tengah berpartisipasi kegiatan makan bergizi gratis diselenggarakan bppp ambon rangka hari ikan nasional smp negeri ambon', 'kamis wahyudi mani luhkan maluku tengah berpartisipasi kegiatan makan bergizi gratis diselenggarakan bppp ambon rangka hari ikan nasional']"
19,29,19_aku_enak aku_aku mau_lucu,"['aku', 'enak aku', 'aku mau', 'lucu', 'rumah', 'dikantin', 'krim', 'mulutnya', 'waktu aku', 'kerja aku']","['aku nangis liat krna aku penyuka nasi jahat kalian moga kalian kelaparan', 'kaget soalnya ikanku makan krim kak sumpah waktu aku lempar krim secuil bahkan mulutnya siap atas air', 'padahal tadi mbg enak aku makan soalnya mbg diambil sama cwok klasku jadinya cuman kebagian apelnya doang']"
20,29,20_ketahanan_ketahanan pangan_pangan_satgas,"['ketahanan', 'ketahanan pangan', 'pangan', 'satgas', 'satgas kodim', 'kodim maluku', 'kodim', 'malut', 'barantin', 'upt']","['anggota satgas kodim maluku yonarhanud wby membantu warga kegiatan ketahanan pangan', 'ibuku gubernur malut ketahanan pangan penting sekali wilayah malut luas penataan tanah baik unt malut jangan sampe ruang tanah unt agraria dipakai lahan pertambangan industri ketahanan pangan diperlukan irigasi teknis pupuk baik sepertinya malut butuh peternak unggas ayam telur ayam peternak diversifikasi perikanan darat punya keyakinan program kerja ibu malut semoga allah swt mewujudkan kesejahteraan rakyat malut kepiawaian ibu sherly', 'anggota satgas kodim maluku yonarhanud wby bantu warga ketahanan pangan']"
21,28,21_semua_impor_dapur mbg_dapur,"['semua', 'impor', 'dapur mbg', 'dapur', 'milyader', 'kerja semua', 'penginapan', 'rakyat', 'sklh', 'satu']","['sklh ngini nugget sambal msip abc daun selada wara heh', 'sebaiknya petugas pkh lebih detail mengecek lebih valid bansos punya sapi banyak kambing banyak sawah luas pkh keluargaku kerja semua dicabut pkhnya alasan sekeluarga kerja semua ngga masuk akal padahal keluargaku kerja semua takut kelaperan', 'mental rakyat indonesia mental buruh asn bumn sekali pengusaha bukan produktif kreatif inovatif buat komponen mobil motor chips intinya penemuan teknologi baru kebanyakan malah pengusaha pasaran mematikan pengusaha kuliner cilok satu cilok semua sembako satu sembako semua konter satu konter semua penginapan satu penginapan semua milyader singapore grap shopie milyader korea samsung milyader jepang honda milyader indo batubara nikel sawit kuliner restoran penginapan jasa travel angkutan kosmetik impor sabun odol impor pupuk impor obat obatan impor pakaian impor mainan impor perkakas rumah tangga impor semua produktif impor pasaran ekspansi luar negri indonesia cuman jadikan konsumen produk impor']"
22,28,22_ikan_broo_olahan_olahan ikan,"['ikan', 'broo', 'olahan', 'olahan ikan', 'laut', 'keren', 'potong', 'bila ikan', 'perairan ambon', 'makanan utama']","['wilayah perairan ambon kaya hasil laut tak heran bila ikan menjadi makanan utama salah satu olahan ikan terkenal ibu kota maluku ikan asar', 'wilayah perairan ambon kaya hasil laut tak heran bila ikan menjadi makanan utama salah satu olahan ikan terkenal ibu kota maluku ikan asar', 'wilayah perairan ambon kaya hasil laut tak heran bila ikan menjadi makanan utama salah satu olahan ikan terkenal ibu kota maluku ikan asar']"
23,27,23_hari_tiap hari_tiap_jumat,"['hari', 'tiap hari', 'tiap', 'jumat', 'sekali', 'hari jumat', 'tahu tempe', 'tempe', 'tahu', 'beda']","['tong bagian katas tadupi sampe makann tra sampe katas syg anak tiap hari batanya alasanya apa maknn blom bis adistribusi sampe kata gugus', 'menu mbg rata tiap hari tahu tempe beda beda olahan apa bergizi cuma tahu tempe bertanya nada lemah lembut', 'breaking news perbedaan hari raya tiap tahun selalu organisasi sabtu muhammadiyah jumat depok kamis maluku kamis mbg senin gua syawal jumat apa sabtu btw depok maluku liat bulan mana jir']"
24,26,24_mudahan_semoga_segala_diberikan,"['mudahan', 'semoga', 'segala', 'diberikan', 'alloh', 'dihindarkan', 'mudahan diberikan', 'semoga segera', 'dosa', 'halal']","['mudahan diberikan kelezatan beribadah mudahan diberikan keringanan meninggalkan maksiat mudahan kabul segala hajat mudahan disehatkan zohir batin seumur hidup mudahan ditempat tinggal dihindarkan segala macam musibah mudahan dihindarkan kemarau panjang mudahan ditingkatkan segala usaha mudahan dimuluskan jenjang karir mudahan dilimpahkan rezeki halal berkah terlilit hutang punya cicilan semoga diberikan kemudahan melunasinya lajang semoga segera menemukan jodohnya sesuai kriteria dibutuhkan punya momongan semoga segera dikaruniai keturunan sholeh sholehah mudahan ditetapkan iman takwa berkat habibuna muhammad saw', 'sejak magrib selasa maret syawal alloh jauhkan aku buruknya kehidupan kejahatan manusia semoga alloh menganugerahkan keberuntungan kebahagiaan dunia akhirat kelak semua rakyat palestina aamiin bismillah alloh indahkanlah hari kesehatan rezeqi halal penuh keberkahan anugerahkanlah cinta kesetiaan jagalah orang orang sayang dimanapun berada bimbinglah selalu istiqomah dijalan keadaan husnul khotimah ampunilah dosa dosa dosa kedua orang tua saudara saudara aamiin rabbal alamiin mudahan diberikan kelezatan beribadah mudahan diberikan keringanan meninggalkan maksiat mudahan kabul segala hajat mudahan disehatkan zohir batin seumur hidup mudahan tempat tinggal dihindarkan segala macam musibah mudahan dihindarkan kemarau panjang mudahan ditingkatkan segala usaha mudahan dimuluskan jenjang karir mudahan dilimpahkan rezeqi halal berkah lajang semoga segera menemukan jodohnya sesuai kreteria dibutuhkan punya momongan semoga segera dikaruniai keturunan sholeh sholehah terlilit hutang punya cicilan semoga diberikan kemudahan melunasinya mudahan ditetapkan iman takwa berkat', 'sejak magrib rabu april syawal alloh jauhkan aku buruknya kehidupan kejahatan manusia semoga alloh menganugerahkan keberuntungan kebahagiaan dunia akhirat kelak semua rakyat palestina aamiin bismillah alloh indahkanlah hari kesehatan rezeqi halal penuh keberkahan anugerahkanlah cinta kesetiaan jagalah orang orang sayang dimanapun berada bimbinglah selalu istiqomah dijalan keadaan husnul khotimah ampunilah dosa dosa dosa kedua orang tua saudara saudara aamiin rabbal alamiin mudahan diberikan kelezatan beribadah mudahan diberikan keringanan meninggalkan maksiat mudahan kabul segala hajat mudahan disehatkan zohir batin seumur hidup mudahan tempat tinggal dihindarkan segala macam musibah mudahan dihindarkan kemarau panjang mudahan ditingkatkan segala usaha mudahan dimuluskan jenjang karir mudahan dilimpahkan rezeqi halal berkah lajang semoga segera menemukan jodohnya sesuai kreteria dibutuhkan punya momongan semoga segera dikaruniai keturunan sholeh sholehah terlilit hutang punya cicilan semoga diberikan kemudahan melunasinya mudahan ditetapkan iman takwa berkat']"
25,26,25_keracunan_kasus keracunan_kasus_keracunan makanan,"['keracunan', 'kasus keracunan', 'kasus', 'keracunan makanan', 'makanan basi', 'basi mbg', 'update', 'basi', 'data kasus', 'wib']","['siswa smk doa bangsa palabuhanratu sukabumi jawa barat mengalami gejala keracunan menyantap menu makan bergizi gratis mbg rabu september update wib data kasus keracunan makanan basi mbg seluruh indonesia oktober', 'kasus sejumlah santri lembar lombok barat ntb diduga keracunan makanan bergizi gratis mbg hari rabu september update wib data kasus keracunan makanan basi mbg seluruh indonesia oktober nganjuk jatim', 'hari kamis masuk kasus keracunan mbg subang jawa barat terjadi jam wib tadi pagi update wib data kasus keracunan makanan basi mbg seluruh indonesia oktober nganjuk jatim januari sukoharjo']"
26,26,26_stunting_angka_penurunan_angka stunting,"['stunting', 'angka', 'penurunan', 'angka stunting', 'bkkbn', 'kental', 'kental manis', 'maluku', 'penurunan stunting', 'stunting maluku']","['dyk indonesia has created programs slums stop childrens stunting caused sanitation issues stunting cases were reported maluku city program aims here more below', 'pemkot ambon melalui dinas pengendalian penduduk keluarga berencana bersama bkkbn provinsi maluku melaunching kegiatan dapur sehat atasi stunting dashat upaya menurunkan angka stunting selengkapnya', 'gue baru pulang maluku ikut kegiatan lsm concern soal gizi balita pola konsumsi kental manis tau even keliatannya kental manis dianggap remeh lebih balita disana konsumsi kental manis semuanya stunting iya stunting']"
27,26,27_nasi_telor_dikit_nasi kuning,"['nasi', 'telor', 'dikit', 'nasi kuning', 'kuning', 'fresh', 'lauk', 'menu nasi', 'sayur', 'perak']","['tempe cuman sepotong buah iris itpun dikit sayur dikit aduhh brapa gizinya rus ompreng harga brapa klau warung padang dpt banyak sayur daging nasi kuah hahaha', 'pusing harga beras naik lupakan dulu manusia indonesia makan nasi sejarah nasi nusantara ternyata menarik meskipun sekarang nasi menjadi makanan pokok ternyata kehadirannya nusantara selalu lihat bahasa bukan makanan pokok asli', 'pengantin jawa kyk menang dsuruh puasa hri pernikahan konon kata perias agaraura wajahe bersinar bkin pangling lihat dlu kelaparan krn sempat buka puasa teus buka puasanya suap suami pelaminan sego punar sepiring kecil nasi kuning hee']"
28,26,28_murah_pangan murah_polri_gerakan pangan,"['murah', 'pangan murah', 'polri', 'gerakan pangan', 'gerakan', 'polda', 'polda maluku', 'pangan', 'humanis', 'polisi']","['kapolri luncurkan gerakan pangan murah instruksikan antisipasi penimbunan jakarta kapolri jenderal listyo sigit prabowo resmi meluncurkan gerakan pangan murah gpm dilaksanakan serentak seluruh polda bekerja sama perum bulog kegiatan bertujuan', 'lomba pendek tema polisi humanis harapan masyarakat rangka hari jadi humas polri sub tema ketahanan pangan polri gerakan pangan murah polri makan bergizi gratis polri polisi humanis harapan masyarakat total hadiah ratusan juta rupiah', 'lomba keaktifan polri tema polisi humanis harapan masyarakat rangka hari jadi humas polri sub tema ketahanan pangan polri gerakan pangan murah polri makan bergizi gratis polri polisi humanis harapan masyarakat total hadiah ratusan juta rupiah']"
29,25,29_stunting_maluku utara_utara_penurunan,"['stunting', 'maluku utara', 'utara', 'penurunan', 'stunting maluku', 'intervensi', 'maluku', 'tidore', 'melakukan intervensi', 'antam']","['wapres ruf amin memberikan arahan acara penguatan pembangunan pemberdayaan masyarakat desa menuju indonesia bebas stunting kemiskinan ekstrem diselenggarakan hotel sahid bela ternate maluku utara jumat', 'pemerintah melakukan intervensi terkait stunting maluku utara cegah stunting pemenuhan gizi ibu bayi pro kesejahteraan anak', 'pemerintah melakukan intervensi mempercepat penurunan kasus stunting seluruh indonesia terutama maluku utara maluku utara semua pihak bahu membahu menurunkan angka stunting wilayah cara memastikan pemenuhan gizi ibu bayi']"
30,25,30_kak_kak mau_tanya_mau tanya,"['kak', 'kak mau', 'tanya', 'mau tanya', 'kak maaf', 'jikalu', 'jawab kak', 'formulir', 'formulir daftar', 'dapet formulir']","['kak mau tanya panas uda dipacking apa nunggu dingin dulu ditempat pemorsian lama nunggu dinginnya terutama nasinya', 'maaf kak mau tanya jikalu dapet formulir daftar apakan langsung trima kak mohon jawab kak', 'maaf kak mau tanya jikalu dapet formulir daftar apakan langsung trima kak mohon jawab kak']"
31,25,31_baru_baru tau_ustad_kaget,"['baru', 'baru tau', 'ustad', 'kaget', 'berjalan', 'bonggol', 'bonggol jagung', 'baru korupsi', 'kontennya', 'kontennya ustad']","['melek yuk ibu kmrn lindes truk tni aktivis disiram air keras tni mbg banyak bermasalah kondisi aceh jauh kata baik maluku baru kena bencana', 'perjanjian dagang timbal balik agreement reciprocal trade art prabowo trump bukan sekadar kesepakatan ekonomi babak baru kolonialisme energi sumber daya alam kedaulatan indonesia digadaikan atas nama investasi kemakmuran bersama lewat art', 'assallamualaikum ustad baru komentator sering melihat konten kontennya ustad baru beranikan diri ikut berkomentar semoga silaturahmi kontennya ustad hati semakin trbuka lebih mendalami paham dlm beribadah']"
32,24,32_swasembada_swasembada pangan_pangan_pohon,"['swasembada', 'swasembada pangan', 'pangan', 'pohon', 'swasembada beras', 'cuma', 'aamiiin', 'katanya', 'program swasembada', 'petani']","['bokap gua slalu ketawa klo bilang jaman suharto swasembada pangan bilang swasembada cuma jawa sumatra banyak mati kelaparan ntt maluku papua tahun cuma diberitain', 'pak perhatikan kades aceh berhasil panen padi benih beliau produksi malah dipenjara beliau bantu banyak petani panen melimpah membantu meningkatkan swasembada pangan bapak sendiri nyuruh masyarakat utk swasembada pangan knp malah kyak jangan cuma pamer forum luar negeri pak fokus perhatikan negara sendiri dulu', 'menurutku swasembada pangan memperhatikan alam hutan penahan air jangan digunduli menyebabkan bencana banjir bandang kerusakan iklim makro saran dicoba tanaman pangan berupa pohon akarnya menahah air mencegah banjir kerusakan iklim makro dilakukan thailand menanam pohon kurma tropis kelebihan pohon kurma menjadi pengganti pohon tanaman keras perakaran sangat kuat menahan air perawatan mudah berproduksi sepanjang tahun']"
33,24,33_utara_maluku utara_sherly_sherly tjoanda,"['utara', 'maluku utara', 'sherly', 'sherly tjoanda', 'tjoanda', 'halmahera', 'gubernur', 'maluku', 'halmahera timur', 'timur']","['kepedulian polri pedalaman halmahera timur polri melalui satbrimob polda maluku utara membagikan bantuan sosial berupa sembako masyarakat desa dodaga pedalaman halmahera timur maluku utara pembagian bansos menjelang peringatan hari bhayangkara juli', 'guys wawancara gubernur maluku utara sherly tjoanda gue menarik simakk jadi begini siapa sherly tjoanda kursi gubernur sherly bukan politisi karir ibu rumah tangga naik menggantikan', 'gubernur maluku utara sherly tjoanda menemui seorang anak berusia tiga tahun mengalami stunting desa pulopapo kabupaten halmahera timur sabtu sherly menawarkan anak ibunya ditempatkan sentra wasana bahagia ternate maluku utara']"
34,24,34_bagus_bagus bagus_makanannya_sidak,"['bagus', 'bagus bagus', 'makanannya', 'sidak', 'lebih bagus', 'sabar tunggu', 'bagus klu', 'sabar', 'kelola', 'coba']","['info kek sama bunda teddy dihalangin trs diinfoin bagus bagus', 'program mbg bagus bagus vendor menanganinya', 'hobi sang pria sabar tunggu ikan makan umpan sabar tunggu isteri muga terus strike ikan bagus bagus']"
35,23,35_pangan lokal_lokal_pangan_lokal maluku,"['pangan lokal', 'lokal', 'pangan', 'lokal maluku', 'konsumsi pangan', 'konsumsi', 'tengah kenaikan', 'suatu kebutuhan', 'memperjuangkan konsumsi', 'memperjuangkan']","['memperjuangkan konsumsi pangan lokal maluku tengah kenaikan harga beras pasar indonesia suatu kebutuhan mendesak', 'memperjuangkan konsumsi pangan lokal maluku tengah kenaikan harga beras suatu kebutuhan mendesak', 'memperjuangkan konsumsi pangan lokal maluku tengah kenaikan harga beras suatu kebutuhan mendesak']"
36,23,36_sdh_sasaran_tepat sasaran_tepat,"['sdh', 'sasaran', 'tepat sasaran', 'tepat', 'tdk', 'pemerintah', 'bantuan', 'kalian', 'miskin extream', 'tdk tepat']","['informasi koh hani team makan sering kali minggu kali sdh mendapat hewan buruan menemukan umbi tanaman makan bahkan salah karna sdh lapar harimau buru sama naas malah salah satu malah tewas terkam harimau pemerintah semua pihak wajib turut membantu karna sana air bersih lampu jarak pertambangan tsb sangat jauh akses dgn jalan kaki butuh waktu minggu paling cpt hari istirahat alhamdulillah sdh mulai secerca harapan bantuan orang arab saudi baik hati memberikan bantuan insyaalloh awal tahun depan semoga segera terealisasi birokrasi ribet', 'mbg bagus tdk tepat sasaran rayahan ajang mafia ajang korupsi penyelenggara berebut bukan ikut mmperjuangkan gizi rakyat korupsi mrk adl angg dpr pdip gerindra tni polisi sdh beli tanah mobil ank mnjd sasaran tinggal terima seharga tdk bergizi busuk beracun mbg managemennya blm bagus lbh baek stop pengontrol tdk jujur hrs langsung dipecat hendaknya disampaikan awal spy tdk kaget diberi mbg miskin kaya tdk doyan', 'dosa kalian besar wahai pejabat pemerintahan konoha wowo samsul hati nurani kalian sdh byk rkyt hidup dlm kemiskinan menjadi korban jiwa anak yatim meninggal dosa besar layak semua dipertanggung jawabkan atas pemimpin dzolim rakyatnya siksaan kalian sangat pedih akhirat percuma pemerintah mengeluarkan bantuan puluhan triliun dana dikeluarkan tdk tepat sasaran wajib diprioritaskan dibantu rkyt miskin extream tinggalnya dirumah kumuh pinggir kali pinggir rel kolong jembatan gerobak segera bantu bantuan tdk tepat sasaran pemerintahannya turun ketangan udh byk oknum korupsi dana bantuan dpt bantuan bukan rakyat tepat sasaran rakyat punya motor punya mobil punya rumah penghasilan berjuta hdp mampu malah dpt bantuan bener miskin extream ditelantarkan jangan tuli jangan buta buat pemerintahan mpr dpr buat semua pengurus lurah camat bupati wali kotamadia gubernur jangan pura buta tuli kalian prioritaskan rakyat miskin extream']"
37,23,37_program_program mbg_banyumas_mbg program,"['program', 'program mbg', 'banyumas', 'mbg program', 'banser', 'organisasi rekat', 'papan program', 'laku organisasi', 'kesadaran', 'kesadaran membudaya']","['gubernur maluku hendrik lewerissa mengatakan berbagai masalah terjadi program mbg maluku dilihat objektif menyeluruh menurutnya evaluasi perlu dilakukan program bmg berjalan baik membawa manfaat masyarakat klik', 'november apa nanem sejak dilauchingnya program banser patriot ketahanan pangan april banyumas menanam sekadar melekat kesadaran membudaya laku organisasi rekat tindakan tertulis papan program', 'sejak dilauchingnya program banser patriot ketahanan pangan april banyumas menanam sekadar melekat kesadaran membudaya laku organisasi rekat tindakan tertulis papan program banyumas hingga sumatera']"
38,22,38_apa_codot_pak jokowi_wagub,"['apa', 'codot', 'pak jokowi', 'wagub', 'pandawa', 'codot hewan', 'cukupin', 'apa kamu', 'kurawa', 'hewan apa']","['maksud wagub maluku kepingin orang islamnya melarat mengemis kere buka puasa beli takjil makanan berbuka sahur makan lebaran beli baju muslim beli apa pak wagub mengarahkan utk pasrah nunggu bansos', 'sukarni koq gada otak apa dikiranya seluruh negri tanam padi penghasil beras oklah pulo jawa panen raya apa cukupin kuota sluruh negri sedang daerah laen gagal panen sumatra sulawesi maluku timor papua panen cukupin daerah masing', 'cari apa siapapun menyudutkan seorg jokowidodo fahami org benci pak jokowi apa maksud allah lupa allah maha kuasa hakim adil memihak siapa hakim mengadili soal benar salah hukuman benar slah bayangkan tahun lalu membangun narasih buruk pak jokowi selalu kandas memalukan bukan pendukung siapa peneliti apa terjadi dunia perhatikan kemiripanya sketsa mahabarata pola strategi bukan perang arti pakai pedang melihat pasukan kurawa membangun fitnah kelicikan pandawa pandawa selalu lolos makar kurawa sini simpul pihak musuh pak jokowi memakai pola kebencian kelicikan jahat sampaikpanpun menang tpg cam coba lasih tau golongan kalian merubah strategi kemenangan kalian raih']"
39,22,39_oho_kara_ngofa_demo,"['oho', 'kara', 'ngofa', 'demo', 'tara', 'una', 'ngogu', 'mada', 'gulaha', 'feto']","['oho ogo tara kara demo sido', 'ngofa una gulaha demo lantan ngogu peke tara una mau ngogu gulaha doka kie kara una protes', 'ngofa una gulaha demo lantan ngogu peke tara una mau ngogu gulaha doka kie kara una protes']"
40,22,40_buat_mbg buat_pajak buat_uang pajak,"['buat', 'mbg buat', 'pajak buat', 'uang pajak', 'pajak', 'diperluas biar', 'deras ngalir', 'deras', 'again', 'buat program']","['kayanya ngabisin waktu soalnya muridnya banyak jadi waktu belajar abis buat prasmanan iya siiihh', 'diperluas biar uang pajak buat bisnis mbg koruptor makin deras ngalir capek lah', 'diperluas biar uang pajak buat bisnis mbg koruptor makin deras ngalir capek lah']"
41,21,41_mana_mcm_mana kau_kau,"['mana', 'mcm', 'mana kau', 'kau', 'area mana', 'daerah mana', 'chek', 'area', 'bongkar', 'gabah']","['woiiii pak cik matsabu mana mungkin negerimu swasembada panagan rakyatmu mayoritas pemalas halu rasis bodoh', 'kemaren tgl april bongkar maluku ton beras import vietnam nah hari bongkar daerah mana gabah petani beli murah dgn harga gabah kering', 'yappingnya sejak menjabat kasus ham mana kau bela gamma kanjuruhan terbaru anak sma dibunuh brimob maluku anak keracunan mbg kasus mana kau bersuara']"
42,21,42_biar_biar tau_turun_makanya,"['biar', 'biar tau', 'turun', 'makanya', 'bagus', 'eek', 'berbicara', 'biar eek', 'yuk', 'hangat']","['makanya kebut bok jojowi anak anaknya jadikan pwnjabat biar menguasai titik titik koropsi kku bupenur suap oasti ngaku tdk ngaku alah tahu', 'sri mulyani orangnya imf makanya jerumusin nkri biar bangkrut biar rakyatnya susah pejabat indonesia banyak bejad moralnya memalukan menjijikan', 'mbg biar murid tumbuh pintar makan guru biar apa biar pro mbg']"
43,21,43_jangan_sidak_kesempatan_hutan,"['jangan', 'sidak', 'kesempatan', 'hutan', 'kasihan', 'hukum', 'negara jangan', 'hatus', 'kuncinya', 'matang']","['hatus swasembada pangan hatus digalakan dngan segra cpat dikadh kesempatan ngelola negara jangan lalei kuncinya gerak cpat jangan mikirin pikirkanbsaja rakyat hari masa depan tugasnya masing', 'sebenarnya teman memang terkesan gimana kulik belakang latar belakang masnya berasal kalangan susah punya modal miris kebanyakan ngeluh melihat cerita tersebut sudut pandang starting poin mungkin beda sama mas semangat rasa gengsi mas contoh motivasi tumbuh diri keberanian konsep matang menyusul kemudian kuncinya jangan berhenti belajar tanda kutip jangan pernah gengsi pekerjaan dilakukan', 'wkwkw jadi pelajaran negara jangan contoh yaaa membuat program persiapan matang jangan salahin sdmnya jangan salahin koruptornya disitu kesempatan terjadilah kejahatan terjadi kesempatan hukum negri koruptor sangat ringan jadi dihukum hartanya hukum tahun keluar jadi kaya lgi harusnya hukum mati koruptor harta sita mungkin berkurang koruptornya jdi takut']"
44,21,44_food_food estate_estate_nikel,"['food', 'food estate', 'estate', 'nikel', 'sawit', 'hutan', 'kalimantan', 'kalteng', 'papua', 'proyek']","['apbn inflasi food estate antroposin tehnologi pupuk kedaulatan pangan food estate papua kalbar kalteng kaltim maluku sumut sumsel ntt prov kep babel selamat hari tani slalu butuh tanah jadi teruslah merawat sisir tanah', 'tugas presiden jokowi gagal mengurus negara food estate kementerian pertahanan dibawah menteri pertahanan prabowo subianto diikutsertakan presiden jokowi proyek food estate sejak alasannya pangan merupakan bagian pertahanan', 'diam diam bae program food estate dikomandoi menteri pertahanan prabowo subianto mangkrak food estate merupakan program mencegah ancaman krisis pangan digagas berbagai wilayah kalimantan sumatera maluku ntb ntt papua']"
45,21,45_bagikan bansos_maluku tenggara_bagikan_langgur maluku,"['bagikan bansos', 'maluku tenggara', 'bagikan', 'langgur maluku', 'bansos pasar', 'pasar langgur', 'langgur', 'tenggara', 'pasar', 'bansos']","['presiden bagikan bansos pasar langgur maluku tenggara september', 'presiden jokowi bagikan bansos pasar langgur maluku tenggara september', 'presiden jokowi bagikan bansos pasar langgur maluku tenggara september']"
46,20,46_jadi_dunia_sekarang jadi_pengantin,"['jadi', 'dunia', 'sekarang jadi', 'pengantin', 'sekarang', 'jadi tersangka', 'pangan terbesar', 'pemberitaan', 'nomor dunia', 'terbesar nomor']","['kata malaydesh jadi negara penghasil beras pangan terbesar nomor dunia menjadikan malaydesh pengekspor beras pangan terbesar nomor dunia', 'beras susah ditinggalkan beras sekarang jadi raja piring orang indonesia konsumsinya tembus per kapita per tahun tertinggi dunia akibatnya jagung sagu singkong sorgum sempat jadi makanan pokok berbagai daerah semisal madura', 'maaf nanya bukan jadi pengantin jadi raja ratu sehari kenapaa jadi laparrr bukan pikiran seneengg terus kamar pengantin sediaa makan minum makanan banyak klo jadi pengantin kelaparan iya rumah kebangetaaannn']"
47,20,47_makanan_makanan bergizi_beracun gratis_mbg makanan,"['makanan', 'makanan bergizi', 'beracun gratis', 'mbg makanan', 'makanan beracun', 'makanan enak', 'beracun', 'bergizi', 'bamtuan', 'makan ibu']","['bukan makan bergzi makanan bergizi makan ibu tetap enak', 'anak sekolah keracunan makanan namanya mbg makanan beracun gratis bukan mbg makanan bergizi gratis heran anak keracunan lebih baik bawa makanan rumah aman', 'ngomong percaya kpd omon sipenipu zulhas koq percaya dgn zulhas makhluk termul sipenipu ulung ketua mbg anak sdh ribuan korban diare mbg makanan beracun gratis koq msh dipercayai gemoy']"
48,19,48_sdn_dapa_tong_folarora,"['sdn', 'dapa', 'tong', 'folarora', 'dapa sdn', 'sdn belakang', 'pangkal', 'indonesiana', 'sdn folarora', 'aku sdn']","['sdn belumm dapaa pdhl sdn dapa tuhh', 'pdhl tong sdn belakang sekolah sdn kong tuu', 'sdn belakang sdn tong bolong']"
49,19,49_ibu_punya_ibu punya_ibu guru,"['ibu', 'punya', 'ibu punya', 'ibu guru', 'ibu ibu', 'anak sekolah', 'selalu ibu', 'ibu anak', 'ajudan', 'ajudan perhatikan']","['bole jgn cuman spl ibu punya skli skli spil anak sekolah punya sdn smp apa sama dgn ibu punya tdk', 'menghadiri deklarasi ibu widya pratiwi murad caleg dpr pan dapil maluku selamat berkerja melanjutkan agenda banyak diperjuangkan dpr isu stunting kesehatan ibu anak hingga perlindungan perempuan tindak kdrt', 'malaysia suku aslinya disiapkan sekolah asrama pelajar klinik perubatan siaran radio sendiri ramai berpendidikan tinggi menjadi pelajar beberapa universiti mencapai ibu ibu orang asli malaysia menghadiri kelas pelajaran asas iaitu membaca menulis mengira malah baru wanita suku asli menjadi pramugari syarikat penerbangan']"
50,19,50_jam_jam siang_masak_siang,"['jam', 'jam siang', 'masak', 'siang', 'mlm', 'masak jam', 'masaknya', 'pulang', 'pulang jam', 'brp jam']","['mbg balita tempat kacau masa mbg dtg jam siang kirain menunya ribet masaknya taunya cuman telur rolade ampun masak jam brpa cuman rolade smp tengah hari bolong masaknya', 'mulai jam malam selesai jam siang jam', 'bagus jam belajar banyar kepotong blm makannya jam lebih nasi jam antri brp jam mkn brp jam kumpul ompreng belajar jam istirahat gmn hayo']"
51,18,51_buang_buang buang_buang beras_beras,"['buang', 'buang buang', 'buang beras', 'beras', 'susu', 'banyak', 'benar', 'bawa', 'beras buang', 'berita guru']","['sayang buang buang', 'pak prabowo benar benar ketinggalan berita guru tenaga pendidik banyak bawa pulang sisa mbg nasi telur susu ngejual susu jad banyak makin mubadirnya menu mbg uang rakyat buang buang', 'pak prabowo benar benar ketinggalan berita guru tenaga pendidik banyak bawa pulang sisa mbg nasi telur susu ngejual susu jad banyak makin mubadirnya menu mbg uang rakyat buang buang']"
52,18,52_gratis_bergizi gratis_makan bergizi_bergizi,"['gratis', 'bergizi gratis', 'makan bergizi', 'bergizi', 'program makan', 'makan', 'program', 'makassar', 'ambon', 'prabowo']","['siswa makassar selipkan pesan terima kasih prabowo tempat makanan bergizi gratis makassar hari pertama program makan bergizi gratis sekolah diterapkan lancar provinsi meninggalkan kesan indah murid salah satunya makassar', 'program makan bergizi gratis anak sekolah maluku utara danrem baabullah bersama forkopimda maluku utara melaksanakan uji coba program makan gratis siswa sekolah dasar kota ternate', 'kurang hari menjabat prabowo tepati janji makan bergizi gratis mulai dinikmati provinsi hari boyolali kurang hari menjabat presiden prabowo subianto menepati janjinya mulai menerapkan program makan bergizi gratis pelajar']"
53,17,53_makan_ana_pengantin_beta,"['makan', 'ana', 'pengantin', 'beta', 'mangofa', 'ana mangofa', 'makan olahan', 'kiye', 'nage', 'makan siswa']","['banyak terbuang pda makan siswa terima kasi mbg enak makin gemuk makan mkan mkan mbg makan siswa', 'dipaksakan makan nasi ina sdh swasembada sejak dulu perlu pusing harga beras naik sulawesi maluku papua riau banyak makan sagu ntt ntb sedikit jatim makan jagung semua dipaksa utk makan nasi orba bentuk kontrol melalui pangan', 'klu tpt pengantin dikasi makan special makan suap nama alhandat melayu diajarin cara makan pertama kali dgn suami pengantin tak pernah ditinggal mak andam urus namanya makandam akunoas nikah ibuku taknoernah jauh aku aku disiaokan makan minum org keluarga namanya pengantin kelaparan']"
54,17,54_tau_pura_pura pura_mengambil,"['tau', 'pura', 'pura pura', 'mengambil', 'tau pura', 'kayak', 'pemerintahan', 'mbg mengambil', 'nunggu korban', 'tindakan pemerintahan']","['tau pura pura bahagia bbm susah pura pura mencukupi', 'pemerintahan bertanggung jawab tau masalah mbg tetap diaem kayak ngk tau berita mana mbg mengambil tindakan pemerintahan apa nunggu korban dlu baru mengambil kesimpulan', 'pemerintahan bertanggung jawab tau masalah mbg tetap diaem kayak ngk tau berita mana mbg mengambil tindakan pemerintahan apa nunggu korban dlu baru mengambil kesimpulan']"
55,17,55_mantap_ikannya_mantap pak_mantap ikan,"['mantap', 'ikannya', 'mantap pak', 'mantap ikan', 'potong ikannya', 'keren', 'pak wali', 'sppg polres', 'potong', 'polres']","['mantap pak wali kota', 'mantap pak wali', 'mantap kakak eee mantap madi josss keren sekali potong ikannya gagah']"
56,17,56_kata_dibelikan_instan_dibelikan instan,"['kata', 'dibelikan', 'instan', 'dibelikan instan', 'ikan ikannya', 'ikannya dijual', 'tito', 'dijual', 'dijual kemudian', 'bosen makan']","['makanan ikan banyak sekali maluku papua stuntingnya tinggi bosen makan ikan ikannya dijual kemudian dibelikan mie instan kata mendagri tito karnavian', 'ikan banyak sekali maluku papua stuntingnya tinggi bosen makan ikan ikannya dijual kemudian dibelikan instan kata tito', 'ikan banyak sekali maluku papua stuntingnya tinggi bosen makan ikan ikannya dijual kemudian dibelikan instan kata tito']"
57,16,57_kepala_bgn_kepala bgn_teman,"['kepala', 'bgn', 'kepala bgn', 'teman', 'kepala desa', 'ketua', 'act', 'donasi', 'ketua bgn', 'paslon']","['ganti kepala bgn artinya apa teman teman', 'gus ipul ajak kepala daerah kawal dtsen sekolah rakyat graduasi pkh menteri sosial mensos saifullah yusuf gus ipul mengajak kepala daerah menyinergikan program pemerintah pusat upaya mengentaskan kemiskinan menyebut cita cita', 'thn amin duga politisasi bansos kepala desa menangkan paslon tertentu thn amin ari yusuf amir menyoroti dugaan pengerahan aparatur pemerintahan mobilisasi kepala desa upaya memenangkan paslon tertentu pilpres']"
58,16,58_tinjau_proyek_infrastruktur_serahkan bansos,"['tinjau', 'proyek', 'infrastruktur', 'serahkan bansos', 'serahkan', 'tinjau proyek', 'proyek infrastruktur', 'bansos maluku', 'infrastruktur serahkan', 'bansos']","['presiden tinjau proyek infrastruktur serahkan bansos maluku rabu sep', 'presiden tinjau proyek infrastruktur serahkan bansos provinsi maluku', 'jokowi tinjau proyek infrastruktur serahkan bansos maluku']"
59,16,59_tak_dekat_kosong tak_kekosongan,"['tak', 'dekat', 'kosong tak', 'kekosongan', 'udang', 'tanya', 'sari', 'kekosongan tak', 'taming sari', 'dekat tak']","['kuyang lama disini menjaga tak patah hati sedia aku hujan apa kau butuh berikan', 'takpe beras indonesia banyak tak kelaparan tak mampu beli kerana mahal cuma mampu beli beras perliter saje syukur', 'maaf tanya udang dekat tak ngan banda hilir menara taming sari']"
60,15,60_pangan energi_psn_energi_merauke,"['pangan energi', 'psn', 'energi', 'merauke', 'mendukung', 'energi terpadu', 'swasembada nasional', 'mengurangi ketergantungan', 'tech', 'pasokan luar']","['benar membangun kemandirian pangan merauke melalui psn sangat strategis mengurangi ketergantungan pasokan luar menstabilkan harga mencegah kelangkaan semoga program sukses manfaatnya merata masyarakat papua maluku', 'keren emang psn merauke bukan cuma soal beras jagung tebu buat biofuel tujuannya jelas bikin papua mandiri pangan energi bahkan nyuplai indonesia timur maluku lumbung pangan energi terpadu langkah besar menuju swasembada nasional', 'proyek strategis nasional psn merauke bertujuan menjadikan wilayah tersebut lumbung pangan energi terpadu mencapai swasembada nasional program bertujuan mengurangi ketergantungan papua pasokan luar potensi menyuplai daerah']"
61,15,61_kerja_asli_wanita_solid,"['kerja', 'asli', 'wanita', 'solid', 'jam kerja', 'kerja masak', 'diminta', 'interview', 'kerja sama', 'pelamar']","['bayangkan ntar kerja masak buat porsi hah jam kerja emang cukup', 'udh menghayal kerja digajih sehari bln liat resikonya emng enk kerja didapur kitchen', 'posisi dibutuhkan crew dapur wanita bagian dapur khusus wanita pegawai semua wanita jam kerja pagi sore hari minggu jum sabtu libur area nginden free makan minum tenggilis mejoyo surabaya kota jawa timur kirim portfolio lamaran whatsapp pernyataan loker bertanggung jawab diluar jangkauan penipuan lowongan kerja scam merugikan pelamar pelamar dimohon selalu berhati hati menerima pekerjaan diberikan berikut diwaspadai diminta mengirim foto ktp asli selfie memegang ktp asli ijazah asli dokumen asli lainnya interview diminta membayar sejumlah biaya uang interview pemberi kerja meminta senonoh terakhir jangan lupa berdoa semoga kalian mendapatkan pekerjaan sesuai terimakasih loker']"
62,15,62_air bersih_bersih_maluku barat_barat daya,"['air bersih', 'bersih', 'maluku barat', 'barat daya', 'air', 'daya', 'moa', 'pulau moa', 'kekeringan', 'barat']","['menteri pertahanan prabowo subianto meresmikan titik bantuan air bersih desa werwaru pulau moa kabupaten maluku barat daya mbd sebanyak titik bantuan air bersih tersebut terdiri titik pengeboran sumur warga mata air perbukitan berada', 'maluku barat daya menhan meresmikan titik air bersih desa werwaru pulau moa kabupaten maluku barat daya mbd senin sebelumnya prabowo mengirimkan tim survei kemhan unhan mendapatkan titik air mengatasi', 'menteri pertahanan prabowo subianto meresmikan titik air bersih desa werwaru pulau moa kabupaten maluku barat daya peresmian air bersih bertujuan membantu warga menghadapi krisis kekeringan']"
63,15,63_inflasi_pengendalian_pengendalian inflasi_inflasi pangan,"['inflasi', 'pengendalian', 'pengendalian inflasi', 'inflasi pangan', 'gerakan nasional', 'nasional pengendalian', 'gerakan', 'nasional', 'sulawesi maluku', 'sulawesi']","['pengendalian inflasi pangan menjadi salah satu kunci penting pemulihan ekonomi nasional kesempatan kali bank indonesia bersama tim pengendalian inflasi daerah berupaya menjaga ketahanan pangan sulawesi maluku papua', 'utk menjaga momentum pemulihan ekonomi melakukan pengendalian inflasi akibat kenaikan harga bbm inflasi kelompok pangan salah satunya lewat sinergi kolaborasi gerakan nasional pengendalian inflasi pangan wilayah sulawesi maluku papua sulampua', 'memperkuat langkah langkah pengendalian inflasi sulut melaksanakan gerakan nasional pengendalian inflasi pangan sulawesi maluku papua sulampua dilaksanakan manado kapan']"
64,15,64_tutup_tutup mbg_kenal_tutup ajalah,"['tutup', 'tutup mbg', 'kenal', 'tutup ajalah', 'meresahkan ujung', 'ajalah gunanya', 'gunanya meresahkan', 'gunanya', 'meresahkan', 'mbg tutup']","['tutup mbg atw bagikn uang tau sunat', 'tutup ajalah gunanya meresahkan ujung', 'tutup ajalah gunanya meresahkan ujung']"
65,14,65_semakin_miskin_banyak_miskin semakin,"['semakin', 'miskin', 'banyak', 'miskin semakin', 'semakin susah', 'masarakat miskin', 'masarakat', 'semakin banyak', 'banyak korban', 'dikurangin']","['bukan aceh sumut sumbar dibiarkan udh selesai kemarin mbg banyak keracunan anti kritik terbukti bnyk aparat melakukan abuse power melalui doxxing terima dikritik aparat semena mena cnth maluku emg npd', 'hapus mbg dananya pakai memsubsidi biaya pendidikan buku berantas korupsi ranah pendidikan banyak oknum sekolah kongkalikong vendor pengadaan buku pelajaran seragam markup harga mendapat keuntungan pribadi stop sumbangan negeri alasan meringankan penderitaan bangsa banyak rakyat negrimu hidup miskin wahai pak presiden', 'gemana banyak mendapat banyak rentan miskin malah dapet blt padahal orang bener miskin membutuh bantuan samakin ngawur mesos rakyat miskin dijabut setatus blt miskin pemerintah kasih buat meringan beban hidup jabut mendapat ngawur semakin ngawur mensos orang miskin semakin banyak semakin susah lihat kejahatan mana mana penjahat semakin berani sehrsnya semakin banyak masakrakat miskin dapet bantuan malah kurangin dikurangin terus payah gemana mau sejah tera pemerintah pelit sama orang miskin semakin susah hidup sekarang apa mahal payah masarakat miskin semakin tercekik hidup semakin sus sah dapet teryata banyak coren mendapat dikurangin dikurangin terus hidup tambah susah biasa dapet padahal sangat membantu kekurangan sedikit membantu buat beli sabun beli garam cabutin dihentikan semakin susah masarakat miskin terus rentan miskin tambah miskin apa mahal pemerintah semakin pelit sama masarakat miskin semakin banyak miskin pemerintah semakin pelit rakyat miskin semakin sengsara rjyat biasa dapet sekarang banyak dapet pemerintah semaki tak peduli rakyat miskin bukan tambahin blt malah semakin dikurangin padahal orang renta miskin semakin susah masarakat miskin boro boro sejah tera semakin susah iya payah']"
66,14,66_polri_pelayanan pemenuhan_gizi sppg_pelayanan,"['polri', 'pelayanan pemenuhan', 'gizi sppg', 'pelayanan', 'satuan pelayanan', 'satuan', 'pemenuhan gizi', 'pemenuhan', 'sppg', 'sppg polri']","['polda maluku kapolda maluku menghadiri peresmian gedung satuan pelayanan pemenuhan gizi sppg polri makanan bergizi gratis mbg kamis dapur sppg siap melayani ribuan siswa ambon', 'kabupaten tuban jawa timur presiden jenderal tni purn prabowo subianto meresmikan serentak pembangunan gudang ketahanan pangan polri operasional satuan pelayanan pemenuhan gizi sppg polri hingga panen raya jagung nasional bagian penguatan', 'kabupaten tuban jawa timur presiden jenderal tni purn prabowo subianto meresmikan serentak pembangunan gudang ketahanan pangan polri operasional satuan pelayanan pemenuhan gizi sppg polri hingga panen raya jagung nasional bagian penguatan']"
67,14,67_sama_saling_bayar tkd_pete,"['sama', 'saling', 'bayar tkd', 'pete', 'tkd', 'kaum', 'defisit', 'duren', 'bayar', 'kebun']","['ibarat memanjat pohon bawah ikut pegang bergelantungan berat malaydesh sebaiknya abaikan jiran memuakkan jgn terlalu dekat klo sdh dekat koruptor bersembunyi negaranya sepengetahuan nyolong bersama sama waspada', 'aku usah berdebat menyelesaikan masalah lebih baik saling menghargai privasi masing jangan saling menyalahkan bekerja transparan jujur saling terbuka sama sama menjaga amanah percaya sama rakyat indonesia kata debat oke terimakasih', 'maluku utara padahal banyak perusahaan nikel bayar tkd papua freeport kebun sawit kebun triplek lng sama bayar tkd kepri timah sama defisit nyumbang semua pusat ditarik buat mbg daerah defisit rezim']"
68,14,68_kaya_nyh_jngn sampe_slh,"['kaya', 'nyh', 'jngn sampe', 'slh', 'pko nyh', 'pko', 'jngn', 'sampe', 'makin', 'org']","['ttp bubarkan lah bmg lagian sudaryono belakang camera beda cerita kek gua yakin btr kaya udh udh', 'pko nyh menerima bansos jangan slh sasaran jngn sampe tangan org kaya akhir nyh kaya makin kaya miskin makin miskin repot nyh hrs teliti bnr kasian org punya bnyk kebutuhan pko nyh jngn sampe slh ssaran', 'pko nyh menerima bansos jangan slh sasaran jngn sampe tangan org kaya akhir nyh kaya makin kaya miskin makin miskin repot nyh hrs teliti bnr kasian org punya bnyk kebutuhan pko nyh jngn sampe slh ssaran']"
69,14,69_kapan_kapan kapan_iki_adaa gorom,"['kapan', 'kapan kapan', 'iki', 'adaa gorom', 'bangli', 'ayam serundeng', 'bali bangli', 'ayam tahun', 'waktu belajarnya', 'utara bgn']","['pantes dek kapan kae jerek kabare mancet prettttt', 'seru nich disidak pemberitahuan mau donk kapan daerah bali bangli', 'kapan kapan toppoki']"
70,13,70_info_loker_info loker_info harga,"['info', 'loker', 'info loker', 'info harga', 'harga seporsi', 'mang info', 'mang', 'seporsi mang', 'seporsi', 'mau info']","['info harga seporsi mang', 'info harga seporsi mang', 'info harga seporsi mang']"
71,13,71_musim_kemarau_musim kemarau_bmkg,"['musim', 'kemarau', 'musim kemarau', 'bmkg', 'puncak', 'klimatologi', 'puncak musim', 'wilayah', 'kekeringan', 'nino']","['badan meteorologi klimatologi geofisika bmkg memperkirakan indonesia mengalami musim kemarau normal meski bmkg tetap menyoroti potensi risiko kebakaran hutan kekeringan beberapa wilayah deputi bidang klimatologi bmkg ardhasena', 'siaran pers bmkg puncak musim kemarau agustus perkuat kesiapan hadapi dampak nino jakarta juni badan meteorologi klimatologi geofisika bmkg memprediksi puncak musim kemarau indonesia terjadi juli september kondisi mulai', 'siaran pers bmkg puncak musim kemarau agustus perkuat kesiapan hadapi dampak nino jakarta juni badan meteorologi klimatologi geofisika bmkg memprediksi puncak musim kemarau indonesia terjadi juli september kondisi mulai']"
72,13,72_negara_pendidikan_konstitusi_menjadi,"['negara', 'pendidikan', 'konstitusi', 'menjadi', 'kesehatan', 'bukan', 'wajib', 'keras', 'dasar', 'berikan']","['lebih sulit menginvasi filipina dibandingkan indonesia disini klo diancam diinvasi tinggal tawarkan gunung freport minyak bumi riau tanah jaran nikel maluku produk mbg sensasional aparatnya jadi penjaga penjajah bukan negara rakyat', 'bijak apabila kejadian baru pejabat ribut saling menyalahkan waktu diundur negara memang viral seru negara banyak anak keluarga hidup dibawah garis kemiskinan mendengar korupsi koruptor banyak membantu negara', 'maaf bukan sekadar opini tugas negara wajib dijalankan sebagaimana diamanatkan konstitusi dasar uud negara berkewajiban menyejahterakan seluruh rakyatnya melalui penyelenggaraan pemerintahan siapa pemimpinnya konstitusi berhenti teks hukum atas kertas hadir nyata kebijakan tindakan negara kasus bocah mengakhiri hidupnya menjadi alarm keras negara pemerintah wajib menyelidiki serius menyeluruh bukan mencari peristiwa tragis serupa terulang menjadi pelajaran bersama kelalaian negara melindungi warganya berujung hilangnya nyawa pendidikan hak dasar warga negara benar kasus berkaitan sistem pendidikan transparan tingginya biaya pendidikan menekan keluarga merupakan ironi menyakitkan negara menjadi pelindung pemberi harapan bukan justru menjadi bagian beban menghimpit masa depan anak anak bangsa']"
73,12,73_gizi_kdkmp_kantin_merah putih,"['gizi', 'kdkmp', 'kantin', 'merah putih', 'kantin desa', 'gizi buruk', 'putih', 'merah', 'kampung', 'buruk']","['pertama benerin dulu faktanya googling provinsi gizi terburuk ntt papua maluku utara gorontalo maluku bukan jakarta kedua dki banyak program bansos utk tingkatkan gizi anak', 'pengguna media sosial dibuat heboh peluncuran saluran mbg mbg merupakan kanal berfokus penyebaran informasi seputar pemenuhan gizi pola makan sehat kanal diinisiasi forum jupnas gizi indonesia media sosialisasi program', 'kajian geografi ekonomi bubarkan badan gizi nasional akusisi sppg mbg kdkmp menjadi kantin kampung desa merah putih bubarkan kepengurusan bgn akusisi sppg pengurus inti kdkmp menjadi kantin desa kampung merah putih mana kantin desa kampung merah putih merupakan unit usaha kdkmp berperan mengelolah hasil pertanian pangan menjadi makan minum jadi kemasan dipasarkan stek holder kantin sekolah kantin pondok pesantren toko warung minimarket modern mengelolah program mbg prioritas warga tak mampu ibu hamil ibu menyusui bayi balita anak memiliki kartu identitas penerima bansos gizi dilengkapi qris discan petugas kantin desa merah putih kartu identitas penerima bansos gizi dicetak aplikasi digital penerima subsidi bansos dikelolah kementerian sosial berkerjasama kementerian kesehatan kementerian koperasi kementerian komunikasi digital ojk himbara bank indonesia bansos gizi diberikan warga tak mampu tersebut berupa bahan baku masak hasil produksi kantin desa kampung merah putih pelaksanaan tersebut memoratorium kdkmp mana kdkmp mengalami banyak kasus dilapangan viral memoratorium tujuan mengevalusai perbaikan desain desain koorpratif menjadi desain koperasi memperbaiki tata kelolah sesuai koperasi membrantas korupsi anggaran pembangunan gedung unit usaha koperasi gerai kdkmp sumber geograf indonesia']"
74,12,74_empat lawang_lawang_lawang sumsel_tebingtinggi,"['empat lawang', 'lawang', 'lawang sumsel', 'tebingtinggi', 'empat', 'sumsel', 'nunukan', 'indramayu', 'sukoharjo', 'nganjuk']","['update wib data kasus keracunan makanan basi mbg indonesia nganjuk jatim indramayu jabar sukoharjo jateng nunukan kaltara tebingtinggi sumut empat lawang sumsel', 'update wib data kasus keracunan mbg indonesia nganjuk indramayu sukoharjo nunukan kaltara tebingtinggi sumut empat lawang sumsel pandeglang waingapu ntt', 'update wib data kasus keracunan mbg indonesia nganjuk indramayu sukoharjo nunukan kaltara tebingtinggi sumut empat lawang sumsel pandeglang waingapu ntt']"
75,12,75_selalu_sehat selalu_sehat_teh,"['selalu', 'sehat selalu', 'sehat', 'teh', 'teh fitri', 'sister sherly', 'ngalis', 'sister', 'fitri', 'semoga']","['teh fitri asalamualaikum sehat selalu teh', 'semoga pak prabowo seluruh staff kelurganya selalu diberikan sehat selalu panjang umur dimudahkan memajukan ekonomi bangsa negara indonesia', 'terimakasih ibu gub selalu menyenangkan hati masyarakat banyak memberikan manfaat masyarakat semoga sang pencipta alam semesta selalu melindungi sister sherly team semua kel sister sherly dilindungi diberikan kesehatan selalu amin']"
76,12,76_bendungan_air_pembangunan bendungan_pembangunan,"['bendungan', 'air', 'pembangunan bendungan', 'pembangunan', 'air pangan', 'ketahanan air', 'kementerian pupr', 'apu', 'pupr', 'way apu']","['ragam manfaat bendungan way apu maluku kementerian pupr melalui dirjen sumber daya air terus menggencarkan pembangunan bendungan daerah irigasi mendukung terciptanya ketahanan air pangan tanah air', 'kementerian pupr menggencarkan pembangunan bendungan daerah irigasi mendukung terciptanya ketahanan air pangan tanah air salah satunya pembangunan bendungan way apu berada kabupaten buru provinsi maluku', 'kementerian pupr melalui dirjen sumber daya air terus menggencarkan pembangunan bendungan daerah irigasi mendukung terciptanya ketahanan air pangan tanah air salah satunya pembangunan bendungan way apu berada kabupaten buru provinsi maluku']"
77,12,77_daerah_daerah jawa_inpo_blm buka,"['daerah', 'daerah jawa', 'inpo', 'blm buka', 'buka dapur', 'daerah bandar', 'daerah aku', 'berminat', 'bhsa', 'banyak daerah']","['banyak berharap keterima sppg kota desa jauh berbagai alasan lainnya yaahhh salah minta kerja kota cuman mbg proyek strategis nasional mencangkup semua daerah bukan meng anak tirikan suatu daerah', 'daerah aku blm buka dapur umum daerah bandar lampung kecamatan panjang siapa tau inpo berminat', 'daerah aku blm buka dapur umum daerah bandar lampung kecamatan panjang siapa tau inpo berminat']"
78,12,78_papua_nusa tenggara_nusa_tenggara,"['papua', 'nusa tenggara', 'nusa', 'tenggara', 'java', 'papua papua', 'tenggara timur', 'kalimantan', 'sulawesi', 'timur']","['kemendes pdtt bersama international fund agricultural development ifad program berhasil meningkatkan ketahanan pangan gizi pendapatan keluarga pedesaan maluku nusa tenggara timur berbagai wilayah papua', 'mbg poisoning cases across indonesia from january september according west java yogyakarta central java bengkulu lampung east nusa tenggara central sulawesi south sumatra east java west nusa tenggara', 'keberhasilan atas program tersebut menyasar ketahanan pangan peningkatan gizi pendapatan keluarga masyarakat pedesaan maluku maluku utara nusa tenggara timur papua papua barat daya papua barat papua tengah papua pegunungan papua selatan']"
79,12,79_ganjar_pak ganjar_menunggu_pdip,"['ganjar', 'pak ganjar', 'menunggu', 'pdip', 'warga', 'jokowi', 'presiden jokowi', 'merdeka pattimura', 'pranowo', 'ganjar pranowo']","['semarak puluhan ribu warga ambon maluku memadati lapangan merdeka pattimura berkumpul bukan menunggu bantuan bansos menunggu calon presiden urut ganjar pranowo melihat melihat kedatangan beliau warga hadir berteriak pak ganjar pak', 'semarak puluhan ribu warga ambon maluku memadati lapangan merdeka pattimura berkumpul bukan menunggu bantuan bansos menunggu calon presiden urut ganjar pranowo melihat kedatangan beliau warga hadir berteriak pak ganjar pak ganjar', 'semarak puluhan ribu warga ambon maluku memadati lapangan merdeka pattimura berkumpul bukan menunggu bantuan bansos menunggu calon presiden urut ganjar pranowo melihat kedatangan beliau warga hadir berteriak pak ganjar pak ganjar']"
80,12,80_tender_tender politik_politik_proyek,"['tender', 'tender politik', 'politik', 'proyek', 'artinya proyek', 'proyek pejabat', 'nama gizi', 'gizi tender', 'digarong', 'politik artinya']","['berarti mbg proyek menguntungkan pihak tertentu finansial tender politik mestinya fokus utama penerima manfaat bagaimana anak sekolah maksimal mendapat mbg gila benar', 'tender politik artinya proyek pejabat atas nama gizi', 'tender politik artinya proyek pejabat atas nama gizi']"
81,12,81_luar biasa_biasa_luar_amiiiin,"['luar biasa', 'biasa', 'luar', 'amiiiin', 'sppg goto', 'goto', 'sppg', 'tooop', 'masya allah', 'masya']","['masya allah luar biasa hebat sppg goto semoga tambah sukses amiiiin amiii', 'masya allah mbg tooop luar biasa makanan enak enak mantaap tooop sukses selalu sppg goto amiiin amiiiiiin amiiiin', 'masya allah sppg hebat luar biasa makanan enak enak tooop semoga tambah sukses amiiiin amiiin amiiiin']"
82,11,82_timor leste_indonesia_leste_timor,"['timor leste', 'indonesia', 'leste', 'timor', 'negara', 'banyak', 'dunia', 'jiwa', 'minta', 'jumlah penduduk']","['gabung pisah bahkan menganggap penjajah habis manis sepah buang begitulah gambaran bhkan menganggap indonesia butuh krna banyak kuli bangunan pikir cerdas padahal negara timor leste memohon ngemis memberikan kepercayaan pembangunan indonesia presiden indonesia kesuksesan indonesia banyak skil belajar pekerjaan orang indonesia banyak pengangguran miris kehidupannya data dunia bohongi bergaya sombong minta mampus apa maju lebih sombong luar biadab sini bnyk orang masuk jalan tikus dokumen apapun padahal negara bahkan indonesia peringati tika tanya orang masuk jalan tikus jwb makan situ bangsa menangis kasihan indonesia jiwa dermawan indonesia namakan negara dermawan seluruh dunia wktu presiden ngemis negara minta masukan asean bantu jadi negara urutan asen november biar utang tujuan masuk daftar negara hutang terendah dunia wktu pandemi bantu karantina butuh bantuan apa indonesia anggap penjajah bukan australia portugal indonesia dulu jajah belanda inggris pernah minta bantuan belanda inggris belanda inggris justru takut indonesia', 'tetap megah ntt bandingkan kadang lucu komen timor leste jumlah penduduk juta jiwa lebih mengatur proinsi menjadi sebuah negara termiskin dunia kalah sama propinsi ntt timor leste menghina indonesia miskin jumlah penduduk jiwa orang kaya indonesia lebih banyak berlipat ganda timor leste bodoh borong dulu tertinggal pendidikan buta huruf pintar awal siapa klo bkn indonesia ngajar pikir portugis sama australia banggakan negara cap penjajah sekarang minta bantuan trus indonesia', 'kadang lucu komen timor leste jumlah penduduk juta jiwa lebih mengatur proinsi menjadi sebuah negara termiskin dunia kalah sama propinsi ntt timor leste menghina indonesia miskin jumlah penduduk jiwa orang kaya indonesia lebih banyak berlipat ganda timor leste bodoh borong dulu tertinggal pendidikan buta huruf pintar awal siapa klo bkn indonesia ngajar pikir portugis sama australia banggakan negara cap penjajah sekarang minta bantuan trus indonesia']"
83,11,83_bertemu_peternak_bertemu peternak_bansos hingga,"['bertemu', 'peternak', 'bertemu peternak', 'bansos hingga', 'peternak kerbau', 'hingga bertemu', 'kerbau', 'hari kedua', 'kedua', 'hingga']","['hari kedua kunker provinsi maluku jokowi bagikan bansos hingga bertemu peternak kerbau', 'hari kedua provinsi maluku presiden bagikan bansos hingga bertemu peternak kerbau', 'hari kedua provinsi maluku presiden bagikan bansos hingga bertemu peternak kerbau']"
84,11,84_menu_per_langsung masukan_masukan menu,"['menu', 'per', 'langsung masukan', 'masukan menu', 'tahu goreng', 'rasa tahu', 'pasar langsung', 'goreng pasar', 'masukan', 'menu hari']","['nyaman menunya menu keponakanku menunya telor ceplok sayur kentang wortel jagung kaya niat masaknya buahx pisang katea pisang', 'rasa tahu goreng pasar langsung masukan menu', 'rasa tahu goreng pasar langsung masukan menu']"
85,11,85_utk_kosong_ambisinya_ambisinya vegitu,"['utk', 'kosong', 'ambisinya', 'ambisinya vegitu', 'checkout', 'besok utk', 'assalamualaikum kosong', 'bulan brapa', 'brapa kosong', 'check checkout']","['kerja susah payah utk beli beras utk bertahan hidup sangat sedih melihat', 'tinggal kaji islam kaffah mental ide bok mjd lbh jelas utk nyekesaikan indonesia', 'waduh pantesan org ambisinya vegitu membara utk menjadi pelaku pemain sistem indonesua gawat anak generasi oenerusnya utk kebaikan nkri']"
86,11,86_liat_wowo_wowo liat_liat wowo,"['liat', 'wowo', 'wowo liat', 'liat wowo', 'act', 'berkontribusi', 'kumur', 'liat liat', 'gigi', 'buat']","['liat wowo liat', 'liat wowo liat', 'subcriberd act hampir setahun pemberitahuan email act berkontribusi baik maupun luar negri musuh act negara maju suka menjajah palestina abdilah onim pernah otak buat berkontribusi sejauh boro liat tetangga kelaparan cuek']"
87,10,87_req_hri_req ayam_steak,"['req', 'hri', 'req ayam', 'steak', 'ayam katsu', 'buat hri', 'apa banjarmasin', 'bakso req', 'banjarmasin req', 'dinsummmm']","['req ayam geprek', 'req mie indomiee tdii blng kaka antar mbg', 'enkk req nasgor buat hri kmiss juaa']"
