Topic,Words,Frequency,Timestamp,Name
-1,"orientasi, memperkaya segelintir, kemiskinan daerah, orientasi pembangunan, daerah kaya",1,2021-01-10 06:36:03.466,-1_maluku_provinsi maluku_provinsi_bahan
0,"tradisional kelurahan, eceran sembilan, kelurahan gamalama, gamalama kota, pokok sembako",1,2021-01-10 06:36:03.466,Kenaikan Harga Beras dan Pangan
2,"fatayat, optimalisasi peran, maluku kab, maluku dihadiri, maluku optimalisasi",1,2021-01-10 06:36:03.466,Ketahanan Pangan Provinsi Maluku
6,"cair, bang, januari sampek, suda keluar, suda",1,2021-01-10 06:36:03.466,Diskusi Umum tentang MBG
7,"alloh memberikan, memberikan buat, buat orang, orang miskin, orang",1,2021-01-10 06:36:03.466,Kemiskinan dan Kerawanan Pangan
11,"allah, emas, lihat, rijki, dunia orang",2,2021-01-10 06:36:03.466,Doa dan Harapan Masyarakat
13,"banjir, kau, alam kau, banjir cirebon, rakyat hujan",1,2021-01-10 06:36:03.466,Kritik Pajak dan Kebijakan Pemerintah
20,"ketahanan pangan, ketahanan, pro ketahanan, desa presiden, segera dikerjaka",2,2021-01-10 06:36:03.466,Ketahanan Pangan oleh TNI
22,"ikan, olahan ikan, wilayah perairan, terkenal, terkenal ibu",7,2021-01-10 06:36:03.466,Potensi Perikanan Maluku
26,"stunting, bayi, juta, bkkbn, bayi tahunnya",3,2021-01-10 06:36:03.466,Program Penurunan Stunting
38,"apa bekas, pertma krang, apa racun, detik pertma, rusak apa",1,2021-01-10 06:36:03.466,Komentar Umum
44,"kalimantan, food estate, estate, food, maluku papua",2,2021-01-10 06:36:03.466,Food Estate dan Ketahanan Pangan
46,"desa kandar, padi menghasilkan, kandar jadi, berdikari, biji padi",1,2021-01-10 06:36:03.466,Produksi Beras Nasional
49,"ibu, lastmile infrastruktur, terpadu tulehu, sekolah malut, hamil balita",1,2021-01-10 06:36:03.466,Komentar tentang Ibu dan Sekolah
55,"segar seeeedaaaaaappppp, seeeedaaaaaappppp, aiiii, aiiii mantap, mantap",1,2021-01-10 06:36:03.466,Apresiasi Menu Ikan
63,"pengendalian, dipimpin kepala, ekoregion, kesehatan sandang, suma",1,2021-01-10 06:36:03.466,Pengendalian Inflasi Pangan
65,"parno, kemiskinan, kekhasan, maksa mau, hub menginginkan",1,2021-01-10 06:36:03.466,Kemiskinan dan Dampak MBG
71,"beberapa, biasa, musim, musim kemarau, beberapa kasus",1,2021-01-10 06:36:03.466,Musim Kemarau dan Ketahanan Pangan
73,"terjadi maluku, paling jangan, padahal kaya, pertanian paling, kelaparan gizi",1,2021-01-10 06:36:03.466,Gizi dan Kantin Sehat
78,"mreka, papua, kalian, pempus ngurus, ttp terima",1,2021-01-10 06:36:03.466,Ketahanan Pangan Kawasan Timur Indonesia
-1,"mancing pantang, percuma memalukan, memalukan stop, persedian beras, mencermikan tindakan",3,2021-04-23 06:43:12.700,-1_maluku_provinsi maluku_provinsi_bahan
0,"pengusaha prtanian, naik kelas, pangan naik, prtanian pangan, prtanian",1,2021-04-23 06:43:12.700,Kenaikan Harga Beras dan Pangan
2,"gondangdia, kelurahan gondangdia, kelurahan, jakarta sekcam, gondangdia lombok",1,2021-04-23 06:43:12.700,Ketahanan Pangan Provinsi Maluku
5,"jgn, pak, berulang ulang, kasus mengambang, ulang terus",1,2021-04-23 06:43:12.700,Dukungan kepada Pemerintah Daerah
7,"nona, par, beta, orang, tuch",1,2021-04-23 06:43:12.700,Kemiskinan dan Kerawanan Pangan
12,"utk daerah, pangsa, beras, timika sorong, perlu impor",1,2021-04-23 06:43:12.700,Impor Beras Nasional
22,"ikan, broo, wow, mancing, keren",5,2021-04-23 06:43:12.700,Potensi Perikanan Maluku
30,"kak strike, ikan kak, panen ikan, strike, kak",1,2021-04-23 06:43:12.700,Pertanyaan Informasi MBG
32,"bagaimana swasembada, swasembada kedelai, kedelai, bagaimana, swasembada",1,2021-04-23 06:43:12.700,Swasembada Pangan
34,"bagus, sabar tunggu, sabar, tunggu, bagus bagus",1,2021-04-23 06:43:12.700,Evaluasi Program MBG
35,"indonesia kaya, lokal maju, terus kementan, kaya pangan, maju terus",1,2021-04-23 06:43:12.700,Pangan Lokal Maluku
36,"saudara, mkn sulit, saudara mkn, percaya perhatikan, msh byk",1,2021-04-23 06:43:12.700,Ketepatan Sasaran Program
53,"beta, seng, versi maluku, versi, seng mulu",1,2021-04-23 06:43:12.700,Kebiasaan Konsumsi Masyarakat
55,"mantap, ikannya, mantap ikan, tarikannya, strake teruss",5,2021-04-23 06:43:12.700,Apresiasi Menu Ikan
59,"mengasihi, mengasihi tak, perlu masalah, saling mengasihi, diselesaikan",1,2021-04-23 06:43:12.700,Keluhan Ketersediaan Beras
67,"rasa mual, rampok bansos, mual sama, sama partai, jualan trus",1,2021-04-23 06:43:12.700,Diskusi Sosial Masyarakat
75,"siap selalu, selalu hadir, hadir menyaksikan, karya berkualitas, karya",1,2021-04-23 06:43:12.700,Ucapan Sehat dan Dukungan
-1,"kapal, pasokan bahan, sebulan lebih, satu alasan, maluku menipis",1,2021-08-02 06:21:59.400,-1_maluku_provinsi maluku_provinsi_bahan
7,"orang, miskin stunting, dilontarkan, kena stunting, mudah sekali",1,2021-08-02 06:21:59.400,Kemiskinan dan Kerawanan Pangan
10,"jaga, jaga hutan, hutan, sagu jaga, tanah jaga",1,2021-08-02 06:21:59.400,Kelaparan dan Kehidupan Masyarakat Adat
11,"satgas maluku, prajurit, satgas, adik arhanud, brangkat satgas",1,2021-08-02 06:21:59.400,Doa dan Harapan Masyarakat
18,"hut lalu, pemberian bansos, rangka memperingati, tahun polres, bhayangkara tahun",1,2021-08-02 06:21:59.400,Kegiatan Gizi di Maluku Tengah
20,"keras dukungan, mimika, mimika nimaowitimi, menarik butuh, lahan sagu",1,2021-08-02 06:21:59.400,Ketahanan Pangan oleh TNI
29,"utara memberikan, berkurang kondisi, memungkinkan melaut, memungkinkan, melaut",2,2021-08-02 06:21:59.400,Stunting di Maluku Utara
38,"barang kering, beras sama, apa yaa, kering beras, yaa bang",1,2021-08-02 06:21:59.400,Komentar Umum
44,"dilakukan dekade, proyek pernah, dekade, dekade lalu, pernah dilakukan",1,2021-08-02 06:21:59.400,Food Estate dan Ketahanan Pangan
6,"beras mau, lah beras, buang lah, jangan buang, mau makan",1,2021-11-11 06:00:46.100,Diskusi Umum tentang MBG
7,"orang, orang susah, susah, orang orang, cobaan kepadamu",2,2021-11-11 06:00:46.100,Kemiskinan dan Kerawanan Pangan
10,"hutan, pangan sebenarnya, makanan hilang, rumah hutan, selamatkan hutan",1,2021-11-11 06:00:46.100,Kelaparan dan Kehidupan Masyarakat Adat
11,"allah, dibuang, tar kena, dibuang blom, ngerasain laknat",2,2021-11-11 06:00:46.100,Doa dan Harapan Masyarakat
12,"beras, kmu makan, kebeli, kebeli beras, kecewa beradap",4,2021-11-11 06:00:46.100,Impor Beras Nasional
19,"aku, kalian, berasnya karung, bln klrg, sini buat",2,2021-11-11 06:00:46.100,Pengalaman Pribadi
20,"satgas kodim, kodim maluku, kodim, satgas, ketahanan",3,2021-11-11 06:00:46.100,Ketahanan Pangan oleh TNI
22,"ikan, potong, potong ikan, motong ikan, tajam",6,2021-11-11 06:00:46.100,Potensi Perikanan Maluku
24,"pelayanan terbaik, memberikan pelayanan, semoga polres, haltim, terbaik",2,2021-11-11 06:00:46.100,Ucapan Doa dan Motivasi
26,"stunting, berstatus, komponen cegah, perjuangan dprd, penduduknya",2,2021-11-11 06:00:46.100,Program Penurunan Stunting
31,"tau rasa, main ntar, kelaparan baru, sombongnya bukan, ntar kelaparan",1,2021-11-11 06:00:46.100,Komentar Isu Pemerintahan
33,"galela kao, kao memberikan, kao, galela, panti",1,2021-11-11 06:00:46.100,Pemerintah Provinsi Maluku Utara
35,"suka konsumsi, konsumsi pangan, pangan lokal, lokal, konsumsi",2,2021-11-11 06:00:46.100,Pangan Lokal Maluku
38,"sia siakan, orang makan, siakan, yaaloh orang, yaaloh",1,2021-11-11 06:00:46.100,Komentar Umum
44,"their, forests, food, logging, their food",1,2021-11-11 06:00:46.100,Food Estate dan Ketahanan Pangan
51,"buang, buang beras, beras, buang buang, beras buang",11,2021-11-11 06:00:46.100,Pemborosan Makanan MBG
55,"mantap, potong ikannya, ikannya, potong, keren",3,2021-11-11 06:00:46.100,Apresiasi Menu Ikan
73,"gizi buruk, kasus gizi, buruk, gizi, tren membaik",2,2021-11-11 06:00:46.100,Gizi dan Kantin Sehat
85,"utk, utk beli, utk dpt, utk bertahan, sebutir beras",2,2021-11-11 06:00:46.100,Keluhan Ketersediaan Produk
-1,"perikanan daerah, ketua dpd, bergandengan tangan, perjuangan provinsi, kasih gpr",2,2022-02-20 05:39:32.800,-1_maluku_provinsi maluku_provinsi_bahan
0,"tolak, tolak kenaikan, mahasiswa, kenaikan, dob",2,2022-02-20 05:39:32.800,Kenaikan Harga Beras dan Pangan
9,"bansos korban, bintara spn, spn beri, korban konflik, haruku",1,2022-02-20 05:39:32.800,Bantuan Sosial Presiden
11,"amal, sia, act, amal wlw, mengharap",1,2022-02-20 05:39:32.800,Doa dan Harapan Masyarakat
20,"yonarhanud, maluku yonarhanud, yonarhanud wby, wby, anggota satgas",2,2022-02-20 05:39:32.800,Ketahanan Pangan oleh TNI
22,"ikan, alhamdulilah banyak, telur bakalan, makan telur, mantaps gpr",2,2022-02-20 05:39:32.800,Potensi Perikanan Maluku
26,"stunting, bkkbn, satgas stunting, stunting selengkapnya, stunting pemkot",2,2022-02-20 05:39:32.800,Program Penurunan Stunting
29,"utk pertumbuhan, kegiatan pembagian, sejalan, ikan sehat, ikan memiliki",1,2022-02-20 05:39:32.800,Stunting di Maluku Utara
35,"pangan lokal, lokal, artinya merawat, baik tuk, tuk pangan",1,2022-02-20 05:39:32.800,Pangan Lokal Maluku
44,"duh, duh food, estate maluku, papua dibangun, dibangun",1,2022-02-20 05:39:32.800,Food Estate dan Ketahanan Pangan
-1,"penanaman, tanimbar, kepulauan tanimbar, barat ntt, tiongkok",8,2022-06-01 05:18:19.500,-1_maluku_provinsi maluku_provinsi_bahan
0,"pedagang besar, bbm harga, sembako diberikan, pasar modern, utara menyiapkan",2,2022-06-01 05:18:19.500,Kenaikan Harga Beras dan Pangan
2,"bptp, bptp maluku, dinas ketahanan, pangan provinsi, dinas",1,2022-06-01 05:18:19.500,Ketahanan Pangan Provinsi Maluku
9,"penerima manfaat, menyerahkan, penerima, manfaat, pasar olilit",4,2022-06-01 05:18:19.500,Bantuan Sosial Presiden
19,"aku, beras rumahan, sekarang mulai, budayan rumah, setahun sekarang",1,2022-06-01 05:18:19.500,Pengalaman Pribadi
20,"ketahanan, ketahanan pangan, resilience, ketangguhan, endurance",4,2022-06-01 05:18:19.500,Ketahanan Pangan oleh TNI
26,"stunting, penurunan stunting, penurunan, pemda, angka penurunan",5,2022-06-01 05:18:19.500,Program Penurunan Stunting
28,"bhayangkara polda, salurkan paket, paket bansos, maluku salurkan, jelang hut",1,2022-06-01 05:18:19.500,Gerakan Pangan Murah
29,"stunting, intervensi, maluku utara, utara, stunting maluku",7,2022-06-01 05:18:19.500,Stunting di Maluku Utara
33,"telaga, biru, maluku utara, utara, tepatnya maluku",2,2022-06-01 05:18:19.500,Pemerintah Provinsi Maluku Utara
35,"tni, terhindar krisis, tni smoga, tni pangan, terkomunikasikan",3,2022-06-01 05:18:19.500,Pangan Lokal Maluku
41,"daera mana, meliliki, potensi ikan, ikan terbesar, mana meliliki",1,2022-06-01 05:18:19.500,Pertanyaan Lokasi dan Distribusi Beras
44,"gmn kabar, kabar food, laah gmn, laah, kabar",1,2022-06-01 05:18:19.500,Food Estate dan Ketahanan Pangan
57,"act, donasi, pihak act, teman, pihak",1,2022-06-01 05:18:19.500,Kepala Daerah dan Kebijakan
63,"utara laksanakan, gnpip maluku, kodim ternate, ternate bersama, tim gerakan",1,2022-06-01 05:18:19.500,Pengendalian Inflasi Pangan
73,"gizi, provinsi gizi, utk tingkatkan, terburuk, kedua dki",2,2022-06-01 05:18:19.500,Gizi dan Kantin Sehat
76,"bendungan, air, pembangunan bendungan, pembangunan, air pangan",7,2022-06-01 05:18:19.500,Pembangunan Bendungan
83,"bansos hingga, tanimbar maluku, hingga tinjau, tinjau optimalisasi, spam kepulauan",1,2022-06-01 05:18:19.500,Kunjungan Presiden ke Maluku
86,"act, liat, berkontribusi, suka menjajah, tetangga kelaparan",1,2022-06-01 05:18:19.500,Komentar Sidak Program MBG
-1,"kerja provinsi, melakukan kunjungan, presiden, infrastruktur serahkan, kunjungan",9,2022-09-10 04:57:06.200,-1_maluku_provinsi maluku_provinsi_bahan
0,"harga, rata, harga bbm, per hari, tinggi rata",5,2022-09-10 04:57:06.200,Kenaikan Harga Beras dan Pangan
2,"pangan, provinsi maluku, provinsi, kabupaten aru, pendampingan program",3,2022-09-10 04:57:06.200,Ketahanan Pangan Provinsi Maluku
5,"pak, pak pol, diam, pol, btw pak",2,2022-09-10 04:57:06.200,Dukungan kepada Pemerintah Daerah
7,"orang, karna, trjadi, punya uang, orang mati",3,2022-09-10 04:57:06.200,Kemiskinan dan Kerawanan Pangan
9,"penerima manfaat, iriana, manfaat, penerima, ibu iriana",20,2022-09-10 04:57:06.200,Bantuan Sosial Presiden
10,"meninggal, kelaparan, keluarga, akal, masuk akal",8,2022-09-10 04:57:06.200,Kelaparan dan Kehidupan Masyarakat Adat
20,"gelar rakor, jaga ketahanan, panen bersama, maluku jaga, maluku satgas",2,2022-09-10 04:57:06.200,Ketahanan Pangan oleh TNI
26,"stunting, here more, indonesia has, has created, aims",2,2022-09-10 04:57:06.200,Program Penurunan Stunting
27,"maju dana, percepatan jangan, bakal cepat, ketimbang nasi, alamat indonesia",1,2022-09-10 04:57:06.200,Komentar Porsi dan Menu Makanan
29,"tidore, mengangkasa arena, raksasa berisi, mengangkasa, tidore atas",1,2022-09-10 04:57:06.200,Stunting di Maluku Utara
33,"utara menyerahkan, sejumlah bansos, menyerahkan sejumlah, kunjungan jokowi, jokowi maluku",1,2022-09-10 04:57:06.200,Pemerintah Provinsi Maluku Utara
36,"subsidi bbm, pengalihan subsidi, bansos tepat, dukung pengalihan, maluku dukung",1,2022-09-10 04:57:06.200,Ketepatan Sasaran Program
43,"jangan, naik harga, kasihan, harga mulu, makan jokowi",1,2022-09-10 04:57:06.200,Pengawasan Program Pemerintah
44,"food estate, estate, food, tanah, antroposin tehnologi",1,2022-09-10 04:57:06.200,Food Estate dan Ketahanan Pangan
45,"bagikan bansos, maluku tenggara, bagikan, langgur maluku, bansos pasar",21,2022-09-10 04:57:06.200,Distribusi Bansos Maluku Tenggara
54,"lah ngasih, kelaparan siapa, tau mati, ngasih tau, ngasih",1,2022-09-10 04:57:06.200,Kritik Penanganan Masalah MBG
58,"tinjau, infrastruktur, serahkan bansos, tinjau proyek, serahkan",15,2022-09-10 04:57:06.200,Kunjungan Presiden dan Infrastruktur
63,"inflasi, pengendalian inflasi, pengendalian, inflasi pangan, gerakan nasional",8,2022-09-10 04:57:06.200,Pengendalian Inflasi Pangan
67,"kaum, bulan, bulan melanda, dibawah merasakan, news terjadi",1,2022-09-10 04:57:06.200,Diskusi Sosial Masyarakat
76,"bendungan, nasional dilakukan, melalui pembangunan, dilakukan kementerian, mencapai ketahanan",1,2022-09-10 04:57:06.200,Pembangunan Bendungan
78,"daerah tanah, antaranya sumatra, sumatra utara, pengembangan lumbung, tengah nusa",1,2022-09-10 04:57:06.200,Ketahanan Pangan Kawasan Timur Indonesia
83,"peternak, bertemu, peternak kerbau, hingga bertemu, bertemu peternak",9,2022-09-10 04:57:06.200,Kunjungan Presiden ke Maluku
-1,"duta, sagu, pokok, kebetulan, kementerian agama",4,2022-12-20 04:35:52.900,-1_maluku_provinsi maluku_provinsi_bahan
0,"yaaaa pake, harga yaaaa, zonasi, zonasi spt, beras mulai",2,2022-12-20 04:35:52.900,Kenaikan Harga Beras dan Pangan
2,"kota, ambon, ekonomi, kota ambon, dinas",2,2022-12-20 04:35:52.900,Ketahanan Pangan Provinsi Maluku
3,"prof muhadjir, effendy mendorong, meningkatkan konsumsi, segar utamanya, utamanya anak",1,2022-12-20 04:35:52.900,Sekolah Rakyat dan Anak
7,"tni, hati liat, liat tni, tni tni, perhatikan banyak",1,2022-12-20 04:35:52.900,Kemiskinan dan Kerawanan Pangan
12,"terpenuhi salah, beras beras, indonesia terpenuhi, ktahanan, impor berkurang",1,2022-12-20 04:35:52.900,Impor Beras Nasional
18,"maluku tengah, tengah, luhkan, gemarikan rangka, safari",5,2022-12-20 04:35:52.900,Kegiatan Gizi di Maluku Tengah
26,"stunting, penurunan, pkk, angka, mengintervensi",4,2022-12-20 04:35:52.900,Program Penurunan Stunting
29,"percepatan penurunan, penurunan, penurunan stunting, stunting, percepatan",4,2022-12-20 04:35:52.900,Stunting di Maluku Utara
32,"katanya, swasembada, cuma, rakusnya, import krn",2,2022-12-20 04:35:52.900,Swasembada Pangan
35,"pangan lokal, lokal, daya daerah, komoditas pertanian, daerah mengantisipasi",1,2022-12-20 04:35:52.900,Pangan Lokal Maluku
38,"cukupin, panen, apa, negri, sluruh negri",1,2022-12-20 04:35:52.900,Komentar Umum
40,"triliun kemenkeu, uang triliun, buat subsidi, kemenkeu, kemenkeu pakai",1,2022-12-20 04:35:52.900,Kritik Penggunaan Pajak untuk MBG
44,"food estate, estate, food, sby, nikel",2,2022-12-20 04:35:52.900,Food Estate dan Ketahanan Pangan
79,"ganjar, venna, family putus, venna melinda, putus",1,2022-12-20 04:35:52.900,Ganjar dan Aktivitas Politik
-1,"kesehatan, layanan kesehatan, besar fakultas, kosong zainal, cuma pepesan",7,2023-03-31 04:14:39.600,-1_maluku_provinsi maluku_provinsi_bahan
0,"bupati, bupati sula, sula, harga, pedagang",6,2023-03-31 04:14:39.600,Kenaikan Harga Beras dan Pangan
2,"dinas, dinas ketahanan, pangan provinsi, pangan, provinsi maluku",24,2023-03-31 04:14:39.600,Ketahanan Pangan Provinsi Maluku
11,"solusi terbaik, allah menggantikannya, terbaik dlm, dikeluarkan masyarakat, dlm membantu",1,2023-03-31 04:14:39.600,Doa dan Harapan Masyarakat
13,"penanganan pangan, islam terbaik, terbaik penanganan, pangan rakyat, sistem islam",1,2023-03-31 04:14:39.600,Kritik Pajak dan Kebijakan Pemerintah
18,"maluku tengah, tengah, leihitu, stunting, luhkan",3,2023-03-31 04:14:39.600,Kegiatan Gizi di Maluku Tengah
20,"hidroponik, hidroponik menunjang, hidroponik maluku, kostrad inisiasi, inisiasi",1,2023-03-31 04:14:39.600,Ketahanan Pangan oleh TNI
26,"stunting, kemiskinan, timur menjadi, indonesia bagian, hari pattimura",4,2023-03-31 04:14:39.600,Program Penurunan Stunting
28,"murah provinsi, gerakan pangan, pangan murah, gerakan, murah",1,2023-03-31 04:14:39.600,Gerakan Pangan Murah
29,"kemiskinan ekstrem, stunting, ekstrem, maluku utara, indonesia bebas",3,2023-03-31 04:14:39.600,Stunting di Maluku Utara
33,"pedalaman halmahera, pedalaman, halmahera timur, halmahera, hari bhayangkara",1,2023-03-31 04:14:39.600,Pemerintah Provinsi Maluku Utara
35,"diwujudkan sistem, mampu diwujudkan, pangan mampu, sistem islam, diwujudkan",1,2023-03-31 04:14:39.600,Pangan Lokal Maluku
44,"mangkraknya, food, estate, food estate, sawit",2,2023-03-31 04:14:39.600,Food Estate dan Ketahanan Pangan
46,"jadi, dibabar tanah, tetap jadi, dicaplok, dulu makan",2,2023-03-31 04:14:39.600,Produksi Beras Nasional
47,"pil, sebaik jadikan, sebaik, jadikan pil, jadikan",1,2023-03-31 04:14:39.600,Kritik Makanan Bergizi Gratis
49,"ibu, dpr, tindak kdrt, menghadiri deklarasi, caleg",1,2023-03-31 04:14:39.600,Komentar tentang Ibu dan Sekolah
56,"dibelikan, instan, kata, ikannya dijual, ikan ikannya",5,2023-03-31 04:14:39.600,Konsumsi Ikan dan Gizi
63,"nasional pasar, pasar murah, bantuan pangan, inflasi, pengendalian",1,2023-03-31 04:14:39.600,Pengendalian Inflasi Pangan
-1,"skor, provinsi, agustus, skor maluku, skor papua",5,2023-07-10 03:53:26.300,-1_maluku_provinsi maluku_provinsi_bahan
0,"bbm satu, satu harga, kapal, maluku maluku, bawa",1,2023-07-10 03:53:26.300,Kenaikan Harga Beras dan Pangan
2,"dinas ketahanan, dinas, pangan provinsi, provinsi maluku, provinsi",13,2023-07-10 03:53:26.300,Ketahanan Pangan Provinsi Maluku
9,"penerima bantuan, tual merupakan, oktober november, merupakan bantuan, tahap kedua",1,2023-07-10 03:53:26.300,Bantuan Sosial Presiden
13,"rakyat, indonesia triliun, hadapi krisis, kecil sulawesi, ahli proyek",1,2023-07-10 03:53:26.300,Kritik Pajak dan Kebijakan Pemerintah
20,"barantin maluku, barantin, upt barantin, upt, badan",2,2023-07-10 03:53:26.300,Ketahanan Pangan oleh TNI
23,"hari, jakarta hari, kualitas udara, jakara berada, berada diurutan",1,2023-07-10 03:53:26.300,Variasi Menu Harian MBG
28,"disketapang maluku, disketapang, gerakan pangan, pangan murah, murah",2,2023-07-10 03:53:26.300,Gerakan Pangan Murah
29,"kejati maluku, kejati, stunting, dana, maluku utara",2,2023-07-10 03:53:26.300,Stunting di Maluku Utara
44,"food estate, estate, food, pertahanan, menteri pertahanan",2,2023-07-10 03:53:26.300,Food Estate dan Ketahanan Pangan
62,"air bersih, bersih, air, maluku barat, barat daya",10,2023-07-10 03:53:26.300,Program Air Bersih Maluku Barat Daya
63,"inflasi, pengendalian, pengendalian inflasi, bank indonesia, inflasi pangan",2,2023-07-10 03:53:26.300,Pengendalian Inflasi Pangan
71,"nino kabupaten, kordinasi mitigasi, mitigasi, kordinasi, padi",3,2023-07-10 03:53:26.300,Musim Kemarau dan Ketahanan Pangan
78,"sumbar bapanas, beras tertinggi, didominasi wilayah, perhatikan harga, oktober didominasi",1,2023-07-10 03:53:26.300,Ketahanan Pangan Kawasan Timur Indonesia
-1,"padi, terjangkau cuman, era sby, digalakkan program, timurnya",1,2023-10-19 03:32:13.000,-1_maluku_provinsi maluku_provinsi_bahan
0,"harga, nino, beras, harga beras, harga tingginya",4,2023-10-19 03:32:13.000,Kenaikan Harga Beras dan Pangan
3,"anak, jalan, liat, jauh laut, hobi jalan",1,2023-10-19 03:32:13.000,Sekolah Rakyat dan Anak
9,"plus, anies, bansos, penerima manfaat, manfaat",2,2023-10-19 03:32:13.000,Bantuan Sosial Presiden
18,"tengah, maluku tengah, cek artikel, tengah pak, tengah gimana",2,2023-10-19 03:32:13.000,Kegiatan Gizi di Maluku Tengah
20,"mendorong produk, lokal khususnya, diakui, nasional tangguh, ambon siap",1,2023-10-19 03:32:13.000,Ketahanan Pangan oleh TNI
26,"stunting, banda naira, stunting bsip, pkk maluku, loou",2,2023-10-19 03:32:13.000,Program Penurunan Stunting
33,"pupuk, ton pupuk, pasca, pasca nino, subsidi maluku",1,2023-10-19 03:32:13.000,Pemerintah Provinsi Maluku Utara
44,"duit, food, food estate, estate, bayar hutang",1,2023-10-19 03:32:13.000,Food Estate dan Ketahanan Pangan
57,"paslon tertentu, paslon, thn amin, kepala desa, tertentu",1,2023-10-19 03:32:13.000,Kepala Daerah dan Kebijakan
61,"kerja, asli, wanita, pelamar, diminta",1,2023-10-19 03:32:13.000,Lowongan dan Kondisi Kerja MBG
62,"resmikan sarana, sarana, sarana air, bersih maluku, kekeringan menhan",1,2023-10-19 03:32:13.000,Program Air Bersih Maluku Barat Daya
68,"sungguh ironis, pangan negeri, sda sungguh, kaya sda, agraris kaya",1,2023-10-19 03:32:13.000,Ketepatan Penyaluran Bansos
71,"curah, curah hujan, waspada, hujan, kekeringan",1,2023-10-19 03:32:13.000,Musim Kemarau dan Ketahanan Pangan
-1,"menyebut, ganjar, pranowo menyebut, menyebut menjabat, menjabat gubernur",3,2024-01-28 03:10:59.700,-1_maluku_provinsi maluku_provinsi_bahan
0,"harga, beras, harga beras, kenaikan, naik",5,2024-01-28 03:10:59.700,Kenaikan Harga Beras dan Pangan
6,"gimana, undang, cuti, undang presiden, mengeluh indonesia",1,2024-01-28 03:10:59.700,Diskusi Umum tentang MBG
18,"apbd, bansos apbd, maluku tengah, dprd, hingga",1,2024-01-28 03:10:59.700,Kegiatan Gizi di Maluku Tengah
22,"ikan, ikan mahal, susahnya, cari ikan, betapa susahnya",1,2024-01-28 03:10:59.700,Potensi Perikanan Maluku
23,"timbul, makan timbul, beda jogja, senin jumat, sekali makan",1,2024-01-28 03:10:59.700,Variasi Menu Harian MBG
28,"dpr, herannya dpr, masi pelihara, pecat semua, pelihara",1,2024-01-28 03:10:59.700,Gerakan Pangan Murah
30,"kak, gara, berkembang kak, buruk pendidikan, susah berkembang",1,2024-01-28 03:10:59.700,Pertanyaan Informasi MBG
33,"makan seadanya, utara protes, solok super, bulang, pakai bareh",1,2024-01-28 03:10:59.700,Pemerintah Provinsi Maluku Utara
35,"pangan lokal, lokal, lokal maluku, pangan, suatu kebutuhan",8,2024-01-28 03:10:59.700,Pangan Lokal Maluku
38,"pemilu, apa, pemilu jokowi, cfd, cfd dinyatakan",1,2024-01-28 03:10:59.700,Komentar Umum
41,"bongkar, gabah, mana, bongkar daerah, petani beli",1,2024-01-28 03:10:59.700,Pertanyaan Lokasi dan Distribusi Beras
44,"estate, food estate, food, tampilkan datanya, tampilkan",2,2024-01-28 03:10:59.700,Food Estate dan Ketahanan Pangan
50,"jam, konsentrasi, gimana jawabannya, jam rawan, rawan kelaparan",1,2024-01-28 03:10:59.700,Jadwal Produksi dan Distribusi MBG
78,"kalimantan bali, pertanyaan saudara, konon kabarnya, blt bansos, lombok ntt",1,2024-01-28 03:10:59.700,Ketahanan Pangan Kawasan Timur Indonesia
79,"ganjar, pak ganjar, menunggu, warga, merdeka pattimura",5,2024-01-28 03:10:59.700,Ganjar dan Aktivitas Politik
-1,"jaman, tenaga listrik, bank, bla, komentar",6,2024-05-08 02:49:46.400,-1_maluku_provinsi maluku_provinsi_bahan
0,"harga, prov malut, pasokan, prov, malut",4,2024-05-08 02:49:46.400,Kenaikan Harga Beras dan Pangan
7,"menyesuaikan jaman, jaman orang, menyesuaikan, orang modern, gimana menyesuaikan",1,2024-05-08 02:49:46.400,Kemiskinan dan Kerawanan Pangan
10,"kelaparan, bukan kelaparan, hutan, penambang, kayaknya",5,2024-05-08 02:49:46.400,Kelaparan dan Kehidupan Masyarakat Adat
20,"mou perkuat, malteng mou, pemda malteng, mou, maluku pemda",1,2024-05-08 02:49:46.400,Ketahanan Pangan oleh TNI
26,"kental, kental manis, manis, konsumsi kental, stunting",1,2024-05-08 02:49:46.400,Program Penurunan Stunting
27,"nasi, nusantara, makanan pokok, ternyata, pokok",1,2024-05-08 02:49:46.400,Komentar Porsi dan Menu Makanan
29,"antam, program antam, menurunkan risiko, antam best, best",2,2024-05-08 02:49:46.400,Stunting di Maluku Utara
31,"dimurahkan bahkan, dimurahkan, pendidikan dimurahkan, infestasi nama, infestasi",1,2024-05-08 02:49:46.400,Komentar Isu Pemerintahan
33,"wilayah perusahaan, perusahaan, wilayah, melewati wilayah, perusahaan terlalu",1,2024-05-08 02:49:46.400,Pemerintah Provinsi Maluku Utara
36,"pemerintah memperhatikan, memperhatikan nasib, memperhatikan, nasib, pemerintah",1,2024-05-08 02:49:46.400,Ketepatan Sasaran Program
42,"ngaku, biar, titik, titik koropsi, jojowi anak",1,2024-05-08 02:49:46.400,Kritik terhadap Pemerintah
43,"sebagian hutan, hutan alami, negatif ingat, ingat sisikan, sisikan sebagian",1,2024-05-08 02:49:46.400,Pengawasan Program Pemerintah
53,"cuek tamu, dlu slesaikan, slesaikan cuek, smpe selesai, slesaikan",1,2024-05-08 02:49:46.400,Kebiasaan Konsumsi Masyarakat
62,"sosialisasi pencegahan, satgas tmmd, tmmd, tmmd sosialisasi, pencegahan stunting",1,2024-05-08 02:49:46.400,Program Air Bersih Maluku Barat Daya
76,"bendungan, kementerian pupr, apu, bendungan way, way apu",2,2024-05-08 02:49:46.400,Pembangunan Bendungan
78,"papua, gizi pendapatan, pendapatan keluarga, pedesaan maluku, tenggara timur",2,2024-05-08 02:49:46.400,Ketahanan Pangan Kawasan Timur Indonesia
82,"timor leste, leste, timor, indonesia, negara",5,2024-05-08 02:49:46.400,Perbandingan Indonesia dan Timor Leste
-1,"budaya, shorgum, opm, sagu bahan, sagu",3,2024-08-17 02:28:33.100,-1_maluku_provinsi maluku_provinsi_bahan
0,"komoditas, sajakah, perubahan indeks, perkembangan harga, komoditas apa",1,2024-08-17 02:28:33.100,Kenaikan Harga Beras dan Pangan
8,"sekarang lebih, aceh dri, abri masuk, era sekarang, yonif pak",1,2024-08-17 02:28:33.100,Perbandingan Program MBG
9,"stunting pasar, indonesia joko, lainnya oktober, menyatakan presiden, maluku menyatakan",1,2024-08-17 02:28:33.100,Bantuan Sosial Presiden
11,"acara diberikan, diberikan ato, syaa, syaa allah, ato telur",1,2024-08-17 02:28:33.100,Doa dan Harapan Masyarakat
17,"ayam daging, ayam, daging, gub maluku, merinci",1,2024-08-17 02:28:33.100,Permintaan Menu MBG
18,"maluku tengah, luhkan, tengah, luhkan maluku, kegiatan",2,2024-08-17 02:28:33.100,Kegiatan Gizi di Maluku Tengah
20,"hari pangan, pangan sedunia, sedunia, pangan, uluputty anggota",1,2024-08-17 02:28:33.100,Ketahanan Pangan oleh TNI
32,"swasembada, swasembada pangan, bank tanah, badan bank, bank",3,2024-08-17 02:28:33.100,Swasembada Pangan
35,"areal, nasional ajak, padi nasional, ajak masyarakat, setempat menjaga",1,2024-08-17 02:28:33.100,Pangan Lokal Maluku
42,"pertaniam pensidikan, biar oap, pensidikan biar, pensidikan, ayooo bangun",1,2024-08-17 02:28:33.100,Kritik terhadap Pemerintah
49,"ibu, malaysia, suku, pelajar, asli",1,2024-08-17 02:28:33.100,Komentar tentang Ibu dan Sekolah
53,"pengantin, makan, namanya, urus namanya, cara makan",1,2024-08-17 02:28:33.100,Kebiasaan Konsumsi Masyarakat
63,"inflasi, pengendalian, pengendalian inflasi, inflasi pangan, gerakan nasional",1,2024-08-17 02:28:33.100,Pengendalian Inflasi Pangan
-1,"jln, melaka, transmigrasi, bupati, melaka relax",6,2024-11-26 02:07:19.800,-1_maluku_provinsi maluku_provinsi_bahan
0,"beras papua, bapanas, harga, papua maluku, harga beras",2,2024-11-26 02:07:19.800,Kenaikan Harga Beras dan Pangan
3,"anak, terima kasih, terima, kasih, teman",2,2024-11-26 02:07:19.800,Sekolah Rakyat dan Anak
5,"memberikan waktu, melakukan baik, waktu melakukan, polisi terimakasih, pak polisi",2,2024-11-26 02:07:19.800,Dukungan kepada Pemerintah Daerah
6,"jakarta, mau, woi yesus, anggota mbg, mau apa",2,2024-11-26 02:07:19.800,Diskusi Umum tentang MBG
7,"pastikan besih, sentiada sewa, besih, kawsn, sentiada",1,2024-11-26 02:07:19.800,Kemiskinan dan Kerawanan Pangan
8,"dpt, suku, lebih, balita, byk",2,2024-11-26 02:07:19.800,Perbandingan Program MBG
9,"eggk pernah, sosial entah, didaerah eggk, entah pergi, eggk",1,2024-11-26 02:07:19.800,Bantuan Sosial Presiden
10,"kelaparan, murka, berlimpah, miris, kekayaan",2,2024-11-26 02:07:19.800,Kelaparan dan Kehidupan Masyarakat Adat
11,"dilindungi allah, marilah saling, kebaikan smg, selalu dilindungi, swt aamiin",1,2024-11-26 02:07:19.800,Doa dan Harapan Masyarakat
13,"cegah, rakyat, trandmigrasi biar, trandmigrasi, alhamfulillah",1,2024-11-26 02:07:19.800,Kritik Pajak dan Kebijakan Pemerintah
15,"sekolah, sayur karbo, tinggal maluku, ambil kebun, ubi singkong",1,2024-11-26 02:07:19.800,Pelaksanaan MBG di Sekolah
16,"ank suka, selesa sgt, buah bilik, sgt ank, suka berapa",2,2024-11-26 02:07:19.800,Komentar Personal
18,"maluku tengah, tengah, luhkan, kegiatan makan, kab",7,2024-11-26 02:07:19.800,Kegiatan Gizi di Maluku Tengah
20,"ditjenpas, pelayanan tahanan, pemanfaatan lahan, ditjenpas maluku, lpka ambon",2,2024-11-26 02:07:19.800,Ketahanan Pangan oleh TNI
23,"esok free, hari esok, free, esok, hari",1,2024-11-26 02:07:19.800,Variasi Menu Harian MBG
28,"murah, bsuh, bajet, pangan murah, dah",5,2024-11-26 02:07:19.800,Gerakan Pangan Murah
32,"optimis swasembada, semua optimis, optimis, swasembada pangan, swasembada",1,2024-11-26 02:07:19.800,Swasembada Pangan
33,"utara, halmahera, maluku utara, sagu, bergantung hutan",2,2024-11-26 02:07:19.800,Pemerintah Provinsi Maluku Utara
34,"kelola langsung, tni polri, langsung tni, klu mkn, gratis kelola",1,2024-11-26 02:07:19.800,Evaluasi Program MBG
36,"sdh, harimau, minggu, kali, bantuan",3,2024-11-26 02:07:19.800,Ketepatan Sasaran Program
38,"apa, zonk ngga, zonk, beras apa, pkh beras",1,2024-11-26 02:07:19.800,Komentar Umum
41,"mana, mcm, chek, area mana, area",7,2024-11-26 02:07:19.800,Pertanyaan Lokasi dan Distribusi Beras
43,"jangan, hatus, cpat, tugasnya masing, jangan lalei",2,2024-11-26 02:07:19.800,Pengawasan Program Pemerintah
50,"jam, ptg, klu cilap, esoknya jam, jam tghhr",1,2024-11-26 02:07:19.800,Jadwal Produksi dan Distribusi MBG
52,"bergizi gratis, gratis, bergizi, makan bergizi, program makan",9,2024-11-26 02:07:19.800,Implementasi Program MBG
56,"mulyono, pdhl, kata, ade, tersaji",2,2024-11-26 02:07:19.800,Konsumsi Ikan dan Gizi
59,"tak, taming, taming sari, sari, udang",4,2024-11-26 02:07:19.800,Keluhan Ketersediaan Beras
66,"lalu, pelayanan pemenuhan, gizi sppg, satuan pelayanan, satuan",1,2024-11-26 02:07:19.800,SPPG Polri
67,"cari baras, uang kurang, dijalankn, daerah dijalankn, sama uang",1,2024-11-26 02:07:19.800,Diskusi Sosial Masyarakat
72,"tiadakan kesehatan, bayar utang, kesehatan dana, dana bansos, utang negara",1,2024-11-26 02:07:19.800,Pendidikan dan Kebijakan Negara
77,"daerah, ulat sagu, warga daerah, tertentu semua, tiwul",1,2024-11-26 02:07:19.800,Pembukaan Dapur MBG Daerah
84,"terpenuhi program, program diperluas, dilakukan kecukupan, menu terpenuhi, per porsi",1,2024-11-26 02:07:19.800,Usulan Menu MBG
85,"utk, kosong, utk dec, utk mencegah, separatis",3,2024-11-26 02:07:19.800,Keluhan Ketersediaan Produk
87,"hri, msuk nie, kluar, klau msuk, msuk",1,2024-11-26 02:07:19.800,Permintaan Menu MBG
-1,"bhayangkari, kemala bhayangkari, kemala, yayasan kemala, yayasan",4,2025-03-07 01:46:06.500,-1_maluku_provinsi maluku_provinsi_bahan
0,"harga, hargs, mahal, harga pangan, gabah",5,2025-03-07 01:46:06.500,Kenaikan Harga Beras dan Pangan
1,"bla, bla bla, pilih, pilih menu, ngabisin minyak",1,2025-03-07 01:46:06.500,Komentar Menu Makan Bergizi Gratis
2,"perempuan kelas, jagung jakarin, jakarin, iii ambon, holo",1,2025-03-07 01:46:06.500,Ketahanan Pangan Provinsi Maluku
3,"anak, tuhan, terpilih, pengumuman penempatan, pengumuman",3,2025-03-07 01:46:06.500,Sekolah Rakyat dan Anak
5,"semoga sehat, pasbar sumbar, prabowo memprhatikan, pasbar, memprhatikan disini",1,2025-03-07 01:46:06.500,Dukungan kepada Pemerintah Daerah
6,"mau, mau dieksport, mau import, mau ipo, takut dipublikasikan",2,2025-03-07 01:46:06.500,Diskusi Umum tentang MBG
7,"desa orang, perangkat, saudara perangkat, paling utama, utama saudara",1,2025-03-07 01:46:06.500,Kemiskinan dan Kerawanan Pangan
10,"hutan, mrka, pribumi, suku, mrka mnyadari",1,2025-03-07 01:46:06.500,Kelaparan dan Kehidupan Masyarakat Adat
12,"beras, beras ramos, ramos, selama, apa comakomon",4,2025-03-07 01:46:06.500,Impor Beras Nasional
17,"telor, telor ayam, punya kandang, telor lampung, grosir",1,2025-03-07 01:46:06.500,Permintaan Menu MBG
20,"terobosan memperkuat, sinergitas, sinergitas menjaga, maluku harapan, komoditi pertanian",1,2025-03-07 01:46:06.500,Ketahanan Pangan oleh TNI
21,"yayasan persyaratan, alat masak, terkendala, bantuannya terimakasih, terkendala pemilihan",1,2025-03-07 01:46:06.500,Pelaksanaan Dapur MBG
30,"mobil lengkap, lengkap kak, lengkap, mobil, kak",1,2025-03-07 01:46:06.500,Pertanyaan Informasi MBG
31,"tlrias, subuh sdh, habis subuh, akhamdulilah, akhamdulilah kelaparan",1,2025-03-07 01:46:06.500,Komentar Isu Pemerintahan
32,"swasembada, swasembada pangan, mentan, program swasembada, melakukan koordinasi",3,2025-03-07 01:46:06.500,Swasembada Pangan
37,"ribut, btw jubir, ribut ribut, pake ribut, ikutan partisipasi",1,2025-03-07 01:46:06.500,Evaluasi Program MBG Daerah
38,"apa, pak jokowi, kurawa, kelicikan, pandawa",2,2025-03-07 01:46:06.500,Komentar Umum
40,"buat, suruh deposit, buat ikatan, buat cek, biaya buat",2,2025-03-07 01:46:06.500,Kritik Penggunaan Pajak untuk MBG
47,"pisang jadikan, makanan kambing, jadikan makanan, batang pisang, kambing",1,2025-03-07 01:46:06.500,Kritik Makanan Bergizi Gratis
50,"bag, mlm, bag pemorsian, masak bag, bag masak",1,2025-03-07 01:46:06.500,Jadwal Produksi dan Distribusi MBG
52,"terpancar imran, sppi, bertugas dapur, bertugas, sppi bertugas",1,2025-03-07 01:46:06.500,Implementasi Program MBG
57,"kepala daerah, gus ipul, ipul, gus, kepala",1,2025-03-07 01:46:06.500,Kepala Daerah dan Kebijakan
62,"daya menu, setelahnya tersedia, setelahnya, pusat kota, kapan pelosok",1,2025-03-07 01:46:06.500,Program Air Bersih Maluku Barat Daya
66,"jubir bapak, menyelenggarakan satuan, mantan, mantan jubir, baswedan menyelenggarakan",1,2025-03-07 01:46:06.500,SPPG Polri
67,"sama lampung, padahal sama, enakni menunya, beda padahal, menunya beda",1,2025-03-07 01:46:06.500,Diskusi Sosial Masyarakat
68,"udh buka, morotay, morotay udh, buka, udh",1,2025-03-07 01:46:06.500,Ketepatan Penyaluran Bansos
69,"kapan, utara bgn, iki harga, kapan bengkulu, segini",2,2025-03-07 01:46:06.500,Pertanyaan Jadwal Program
70,"info, tray, steamer, steamer info, tray rice",1,2025-03-07 01:46:06.500,Informasi Harga dan Lowongan
71,"bmkg, musim, musim kemarau, klimatologi, kemarau",2,2025-03-07 01:46:06.500,Musim Kemarau dan Ketahanan Pangan
79,"ganjar, agung kertha, bgn tak, tantangan ekonomi, dewan pembina",1,2025-03-07 01:46:06.500,Ganjar dan Aktivitas Politik
-1,"baras, lapangan pekerjaan, pekerjaan, pengolahan, lapangan",18,2025-06-16 01:24:53.200,-1_maluku_provinsi maluku_provinsi_bahan
0,"harga, naik, harga beras, naik kabupaten, hingga stok",4,2025-06-16 01:24:53.200,Kenaikan Harga Beras dan Pangan
1,"penumpang, enak, ketidakpuasan, langsung penumpang, ketidakpuasan penumpang",2,2025-06-16 01:24:53.200,Komentar Menu Makan Bergizi Gratis
2,"kabupaten buru, buru, niaga, pangan provinsi, provinsi",3,2025-06-16 01:24:53.200,Ketahanan Pangan Provinsi Maluku
3,"anak, anak anak, gizi, anak papua, positif",8,2025-06-16 01:24:53.200,Sekolah Rakyat dan Anak
4,"thank you, mbg busui, you lunch, lunch, busui balita",2,2025-06-16 01:24:53.200,Diskusi Program Makan Bergizi Gratis
5,"pak, subianto terbaik, pak carikan, kang dedi, dedi",2,2025-06-16 01:24:53.200,Dukungan kepada Pemerintah Daerah
6,"mau, gimana, isina, melamar, kerja gimana",5,2025-06-16 01:24:53.200,Diskusi Umum tentang MBG
7,"progam buka, tutup mata, pekerjaan banyak, lowongan pekerjaan, bukti progam",1,2025-06-16 01:24:53.200,Kemiskinan dan Kerawanan Pangan
8,"nyiapin porsi, nyiapin, porsi lebih, bayangin nyiapin, lebih waktu",1,2025-06-16 01:24:53.200,Perbandingan Program MBG
10,"neraka, serangan musuh, serangan, dibayar serangan, pastikan pejabat",2,2025-06-16 01:24:53.200,Kelaparan dan Kehidupan Masyarakat Adat
11,"rabb, allah rabb, allah, mulawarman, alhamdulillah adanya",3,2025-06-16 01:24:53.200,Doa dan Harapan Masyarakat
12,"wkwwkwk beras, wkwwkwk, ramos, beras ramos, beras",1,2025-06-16 01:24:53.200,Impor Beras Nasional
13,"rakyat, dprd maluku, dprd, tergabung aliansi, ketua dpr",2,2025-06-16 01:24:53.200,Kritik Pajak dan Kebijakan Pemerintah
14,"siswa sekolah, siswa, diduga, sekolah menengah, menengah",3,2025-06-16 01:24:53.200,Kasus Keracunan Program MBG
15,"sekolah, belom sampe, disekolah sebelahnya, sekolah tempat, sebelahnya",2,2025-06-16 01:24:53.200,Pelaksanaan MBG di Sekolah
16,"melon, buah, suka, buah pisang, jdi sering",1,2025-06-16 01:24:53.200,Komentar Personal
17,"ayam, request, ayam geprek, geprek, seminggu doang",3,2025-06-16 01:24:53.200,Permintaan Menu MBG
18,"maluku tengah, tengah, tengah capai, zulkarnain, awat optimistis",1,2025-06-16 01:24:53.200,Kegiatan Gizi di Maluku Tengah
19,"aku, dikantin, kerja aku, aku mau, kerja",6,2025-06-16 01:24:53.200,Pengalaman Pribadi
20,"tenkiu, program csr, upaya perwujudan, perwujudan ketahanan, follow tenkiu",2,2025-06-16 01:24:53.200,Ketahanan Pangan oleh TNI
21,"semua gubernur, timnya cowok, keren kompak, sejahteranya rakyat, kompak wow",2,2025-06-16 01:24:53.200,Pelaksanaan Dapur MBG
23,"dapet susu, kyknya buah, kyknya, susu kyknya, buah tiap",1,2025-06-16 01:24:53.200,Variasi Menu Harian MBG
24,"semoga semakin, dimasa, dimasa masa, baik dimasa, mantappp semoga",1,2025-06-16 01:24:53.200,Ucapan Doa dan Motivasi
25,"keracunan, kasus keracunan, kasus, keracunan makanan, makanan basi",14,2025-06-16 01:24:53.200,Kasus Keracunan Makanan MBG
27,"nasi, fresh, lauk, masing, menu nasi",4,2025-06-16 01:24:53.200,Komentar Porsi dan Menu Makanan
28,"gerakan pangan, pangan murah, murah, gerakan, kapolri",4,2025-06-16 01:24:53.200,Gerakan Pangan Murah
30,"kak, kak mau, mau tanya, tanya, jawab kak",11,2025-06-16 01:24:53.200,Pertanyaan Informasi MBG
33,"rao, posi, maluku utara, utara, sherly",3,2025-06-16 01:24:53.200,Pemerintah Provinsi Maluku Utara
34,"akang tambah, bru akang, smp bru, tambah bagus, lulus dri",1,2025-06-16 01:24:53.200,Evaluasi Program MBG
36,"dgn pemerintah, smkn sdh, pemerintah pembayarannya, berbisnis dgn, sdh blm",2,2025-06-16 01:24:53.200,Ketepatan Sasaran Program
37,"pengolahan makanan, mbg ribuan, memastikan kebersihan, kelayakan pengolahan, kebersihan kelayakan",1,2025-06-16 01:24:53.200,Evaluasi Program MBG Daerah
38,"cuci piring, apa lumayan, lumayan bwt, jajan ank, piring apa",1,2025-06-16 01:24:53.200,Komentar Umum
40,"abangku, abangku arnold, pendidikan kopassus, buat abangku, menyertai",1,2025-06-16 01:24:53.200,Kritik Penggunaan Pajak untuk MBG
41,"mana, mana kau, tuhan mana, anak bersyukurlah, alhmdulillah",5,2025-06-16 01:24:53.200,Pertanyaan Lokasi dan Distribusi Beras
42,"biar, banyak bejad, lebih dekat, pejabat indonesia, makanya jerumusin",3,2025-06-16 01:24:53.200,Kritik terhadap Pemerintah
43,"jangan, gengsi, jangan cuma, mas, belakang",2,2025-06-16 01:24:53.200,Pengawasan Program Pemerintah
44,"menulusuri, ikn, nikel, food, estate",1,2025-06-16 01:24:53.200,Food Estate dan Ketahanan Pangan
47,"betul, makanan, bilang makanannya, ahli gizinya, bgtupun",2,2025-06-16 01:24:53.200,Kritik Makanan Bergizi Gratis
49,"ajudan perhatikan, ajudan, perhatikan, ibu, grup miring",2,2025-06-16 01:24:53.200,Komentar tentang Ibu dan Sekolah
50,"jam, masak, jam siang, jam malam, jam brpa",6,2025-06-16 01:24:53.200,Jadwal Produksi dan Distribusi MBG
52,"bergizi, kasturi, kawasan pandan, bintang makan, sejumlah sekolah",2,2025-06-16 01:24:53.200,Implementasi Program MBG
54,"sekarang makanan, makanan murid, murid banyak, banyak basi, tau sekarang",1,2025-06-16 01:24:53.200,Kritik Penanganan Masalah MBG
56,"sayurnya basi, ade gua, gua sayurnya, kata ade, sayurnya",1,2025-06-16 01:24:53.200,Konsumsi Ikan dan Gizi
57,"sholat, kegtu izin, kegtu, izin sholat, izin",1,2025-06-16 01:24:53.200,Kepala Daerah dan Kebijakan
58,"proyek proyek, proyek, tinjau, infrastruktur, serahkan bansos",1,2025-06-16 01:24:53.200,Kunjungan Presiden dan Infrastruktur
59,"kekosongan, september kekosongan, sbtu, kekosongan sbtu, assalamualaikum kekosongan",2,2025-06-16 01:24:53.200,Keluhan Ketersediaan Beras
61,"kerja, kerja masak, bagian, jam kerja, masak",8,2025-06-16 01:24:53.200,Lowongan dan Kondisi Kerja MBG
64,"pangkas, lauknya, lauknya pangkas, brp anggaran, cuman lauknya",1,2025-06-16 01:24:53.200,Penolakan Program MBG
66,"pelayanan, polri, gedung, menghadiri, pelayanan pemenuhan",2,2025-06-16 01:24:53.200,SPPG Polri
67,"wagyu, wagyu sama, caviar, daging mnta, sama caviar",1,2025-06-16 01:24:53.200,Diskusi Sosial Masyarakat
70,"loker, info, info loker, krja, mau info",6,2025-06-16 01:24:53.200,Informasi Harga dan Lowongan
71,"musim hujan, musim, hujan, hujan indonesia, hidrometeorologi sekaligus",1,2025-06-16 01:24:53.200,Musim Kemarau dan Ketahanan Pangan
73,"terimakasih kalian, kalian pejuang, pejuang gizi, pejuang, terimakasih",1,2025-06-16 01:24:53.200,Gizi dan Kantin Sehat
74,"februari, lawang sumsel, empat lawang, lawang, tebingtinggi",1,2025-06-16 01:24:53.200,Rekap Kasus Keracunan MBG
76,"bendungan, ketahanan air, air pangan, apu, way apu",2,2025-06-16 01:24:53.200,Pembangunan Bendungan
77,"daerah, tau inpo, umum daerah, lampung kecamatan, panjang siapa",2,2025-06-16 01:24:53.200,Pembukaan Dapur MBG Daerah
78,"papua, daerah mulai, papua keruk, keruk, keruk terus",1,2025-06-16 01:24:53.200,Ketahanan Pangan Kawasan Timur Indonesia
81,"luar biasa, biasa, luar, utara makmur, pertanian kelautan",1,2025-06-16 01:24:53.200,Apresiasi terhadap SPPG
84,"menu berapa, per menu, berapa budget, budget, berapa",1,2025-06-16 01:24:53.200,Usulan Menu MBG
85,"kosong, utk check, checkout, besok utk, checkout kosong",2,2025-06-16 01:24:53.200,Keluhan Ketersediaan Produk
87,"req, req steak, steak buat, skansaa, buat skansaa",1,2025-06-16 01:24:53.200,Permintaan Menu MBG
-1,"padi, dgn, untung, bahan, jawa",18,2025-09-25 01:03:39.900,-1_maluku_provinsi maluku_provinsi_bahan
0,"mahal, beras, beras mahal, omon, harga",10,2025-09-25 01:03:39.900,Kenaikan Harga Beras dan Pangan
1,"ekor jadi, punya ayam, kmrn beli, berasnya enak, sphp berasnya",1,2025-09-25 01:03:39.900,Komentar Menu Makan Bergizi Gratis
3,"anak, lamo, anak niii, ohho, neee",4,2025-09-25 01:03:39.900,Sekolah Rakyat dan Anak
5,"pak, ummat pak, citra, citra ummat, bravo pak",9,2025-09-25 01:03:39.900,Dukungan kepada Pemerintah Daerah
6,"mau, petani mau, nanam, petani, hei",3,2025-09-25 01:03:39.900,Diskusi Umum tentang MBG
7,"murit, asli, orang, sama warga, berikan uang",2,2025-09-25 01:03:39.900,Kemiskinan dan Kerawanan Pangan
8,"lebih, baik, butuhkan, lebih baik, gede angkanya",5,2025-09-25 01:03:39.900,Perbandingan Program MBG
9,"penerima manfaat, penerima, manfaat, meunang, eta",3,2025-09-25 01:03:39.900,Bantuan Sosial Presiden
10,"hutan, hentikan, kelaparan koplak, sendiri bnyk, mrk lah",2,2025-09-25 01:03:39.900,Kelaparan dan Kehidupan Masyarakat Adat
11,"sher, sllu, alhamdulillah, masing, bahan impor",2,2025-09-25 01:03:39.900,Doa dan Harapan Masyarakat
12,"beras, titiek, petugas, rusak, beras kebuang",12,2025-09-25 01:03:39.900,Impor Beras Nasional
13,"rakyat, cair seterus, seterus, cair, depan cair",3,2025-09-25 01:03:39.900,Kritik Pajak dan Kebijakan Pemerintah
14,"siswa, keracunan, gratis mbg, diduga, bergizi gratis",28,2025-09-25 01:03:39.900,Kasus Keracunan Program MBG
15,"sekolah, knapa, dapur knapa, sekolah kracunan, knapa sekolah",1,2025-09-25 01:03:39.900,Pelaksanaan MBG di Sekolah
17,"deng, ayam, kaa, sayor garu, kaa sama",2,2025-09-25 01:03:39.900,Permintaan Menu MBG
18,"maluku tengah, tengah, kabupaten maluku, bawang, sejumlah",3,2025-09-25 01:03:39.900,Kegiatan Gizi di Maluku Tengah
20,"malut, ketahanan, ketahanan pangan, unt, pangan",3,2025-09-25 01:03:39.900,Ketahanan Pangan oleh TNI
21,"impor, semua, milyader, penginapan, pengusaha",2,2025-09-25 01:03:39.900,Pelaksanaan Dapur MBG
23,"katas, sampe, tiap hari, katas tadupi, adistribusi",1,2025-09-25 01:03:39.900,Variasi Menu Harian MBG
24,"cepat diatasi, diatasi, dpat semoga, semoga cepat, negeri dpat",2,2025-09-25 01:03:39.900,Ucapan Doa dan Motivasi
25,"keracunan, kasus keracunan, kasus, keracunan makanan, makanan basi",11,2025-09-25 01:03:39.900,Kasus Keracunan Makanan MBG
26,"wuryanto, wuryanto minta, minta pemprov, cepat atasi, atasi lonjakan",1,2025-09-25 01:03:39.900,Program Penurunan Stunting
28,"polri, murah, pangan murah, gerakan pangan, polda",11,2025-09-25 01:03:39.900,Gerakan Pangan Murah
30,"beras bgtu, bikin nama, nama beras, kak dmn, dmn bikin",1,2025-09-25 01:03:39.900,Pertanyaan Informasi MBG
32,"swasembada, swasembada pangan, petani, panen, cuma",6,2025-09-25 01:03:39.900,Swasembada Pangan
33,"maluku utara, keadilan, keadilan makmuran, indonesia keadilan, makmuran",2,2025-09-25 01:03:39.900,Pemerintah Provinsi Maluku Utara
36,"kerna, seringkali tepat, siapa layak, sendiri kerna, mts selii",3,2025-09-25 01:03:39.900,Ketepatan Sasaran Program
37,"program, program mbg, banyumas, laku organisasi, banser patriot",7,2025-09-25 01:03:39.900,Evaluasi Program MBG Daerah
38,"beras mubajir, jang, banyak mengeluh, jang talalu, apa kasih",2,2025-09-25 01:03:39.900,Komentar Umum
39,"oho, kara, ngofa, demo, tara",22,2025-09-25 01:03:39.900,Komentar Bahasa Daerah Maluku
40,"buat beli, cuma buat, buat, pak cuma, terjerat rentenir",1,2025-09-25 01:03:39.900,Kritik Penggunaan Pajak untuk MBG
41,"contact, mna contact, mcm mna, mna, mcm",1,2025-09-25 01:03:39.900,Pertanyaan Lokasi dan Distribusi Beras
42,"utk generasi, biar merata, generasi pintar, alokasikan, alokasikan pendidikan",1,2025-09-25 01:03:39.900,Kritik terhadap Pemerintah
43,"bae, jangan, cari uang, murah paling, sulit sembako",1,2025-09-25 01:03:39.900,Pengawasan Program Pemerintah
44,"kalbar, food, food estate, estate, bapak",1,2025-09-25 01:03:39.900,Food Estate dan Ketahanan Pangan
46,"jadi buruk, beras jadi, banyak beras, terlalu banyak, terlalu",1,2025-09-25 01:03:39.900,Produksi Beras Nasional
47,"makanan, mbg makanan, beracun gratis, makanan bergizi, makanan beracun",5,2025-09-25 01:03:39.900,Kritik Makanan Bergizi Gratis
48,"wee masa, smkn blum, sman smkn, masa sman, wee",1,2025-09-25 01:03:39.900,Komentar Sekolah Daerah
49,"mmbangun masyarakat, sgt mmbangun, ibu sgt, mmbangun, sgt",1,2025-09-25 01:03:39.900,Komentar tentang Ibu dan Sekolah
50,"jam, jam siang, siang, pulang jam, pulang",2,2025-09-25 01:03:39.900,Jadwal Produksi dan Distribusi MBG
51,"buang, prihatin hari, guru merasa, makanannya buang, prabowo hentikan",2,2025-09-25 01:03:39.900,Pemborosan Makanan MBG
52,"program makan, makan bergizi, bergizi gratis, gratis, bergizi",3,2025-09-25 01:03:39.900,Implementasi Program MBG
53,"nage, mangofa, ana mangofa, nage ana, ana",4,2025-09-25 01:03:39.900,Kebiasaan Konsumsi Masyarakat
55,"mantap, mantap pak, pak wali, wali, serli",5,2025-09-25 01:03:39.900,Apresiasi Menu Ikan
56,"trng dulu, trng, tra dpa, ade belajar, belajar bersyukur",1,2025-09-25 01:03:39.900,Konsumsi Ikan dan Gizi
57,"sofifi kpn, kpn bertanya, kpn, nada lembut, bertanya nada",1,2025-09-25 01:03:39.900,Kepala Daerah dan Kebijakan
59,"tak, kekosongan, tanya jasin, tak family, jasin sungai",3,2025-09-25 01:03:39.900,Keluhan Ketersediaan Beras
63,"inflasi, pengendalian, pengendalian inflasi, inflasi pangan, memperkuat kolaborasi",1,2025-09-25 01:03:39.900,Pengendalian Inflasi Pangan
65,"mbah soeharto, pejabat korupsi, banyak pejabat, kelaparan semakin, mbah",1,2025-09-25 01:03:39.900,Kemiskinan dan Dampak MBG
66,"polri, sppg polri, sppg, gizi sppg, pelayanan pemenuhan",4,2025-09-25 01:03:39.900,SPPG Polri
68,"nyh, kaya, pko, pko nyh, jngn sampe",2,2025-09-25 01:03:39.900,Ketepatan Penyaluran Bansos
69,"kapan, tidore kapan, data kapan, malah kekurangan, kapan hari",2,2025-09-25 01:03:39.900,Pertanyaan Jadwal Program
71,"sumatera, aceh sumatera, aceh, sawit, wilayah",1,2025-09-25 01:03:39.900,Musim Kemarau dan Ketahanan Pangan
72,"kesehatan teros, bunda purbaya, amanah seluruh, sekeluarga berikan, seluruh rakyat",1,2025-09-25 01:03:39.900,Pendidikan dan Kebijakan Negara
74,"lawang, lawang sumsel, empat lawang, tebingtinggi, empat",8,2025-09-25 01:03:39.900,Rekap Kasus Keracunan MBG
75,"selalu, sehat selalu, tulang cari, semogah, semogah nelayan",2,2025-09-25 01:03:39.900,Ucapan Sehat dan Dukungan
77,"bhsa, pintar bhsa, sdiri, muda malu, malu bhsa",1,2025-09-25 01:03:39.900,Pembukaan Dapur MBG Daerah
78,"java, nusa tenggara, nusa, central, west",2,2025-09-25 01:03:39.900,Ketahanan Pangan Kawasan Timur Indonesia
81,"contoh daerah, biasa contoh, malut luar, gubernur malut, luar biasa",1,2025-09-25 01:03:39.900,Apresiasi terhadap SPPG
84,"wong kunjungi, lengkap menu, menu wong, kunjungi pejabat, wong",1,2025-09-25 01:03:39.900,Usulan Menu MBG
-1,"mama, menu, kuah kuning, tbg, super lezat",20,2026-01-04 00:42:26.600,-1_maluku_provinsi maluku_provinsi_bahan
0,"geratis, harga, geratis makan, murah turun, pangan harga",3,2026-01-04 00:42:26.600,Kenaikan Harga Beras dan Pangan
1,"enak, boga, erep, kab majalengka, majalengka",5,2026-01-04 00:42:26.600,Komentar Menu Makan Bergizi Gratis
3,"anak, anak anak, inilah kecerdasan, kecerdasan, kecerdasan anak",6,2026-01-04 00:42:26.600,Sekolah Rakyat dan Anak
4,"mbg, mbg geser, keluhan keresahan, dapurnya besar, anak bulan",4,2026-01-04 00:42:26.600,Diskusi Program Makan Bergizi Gratis
5,"pak, leleoto, sampe ladaake, buguru, selamat menikmati",3,2026-01-04 00:42:26.600,Dukungan kepada Pemerintah Daerah
6,"downgrade, downgrade mbg, makanan pokoknya, pokoknya ganti, seragam makanan",1,2026-01-04 00:42:26.600,Diskusi Umum tentang MBG
7,"orang, kapala maaloring, nona loci, mbg pengelola, nyinyir menentang",3,2026-01-04 00:42:26.600,Kemiskinan dan Kerawanan Pangan
8,"lebih, baik, lebih baik, konten, bogor",5,2026-01-04 00:42:26.600,Perbandingan Program MBG
9,"kpm, manfaat kpm, tahap, manfaat, bpnt",3,2026-01-04 00:42:26.600,Bantuan Sosial Presiden
10,"butuh, anak tanggung, hidup wali, kebun binatang, kasihan bangettt",2,2026-01-04 00:42:26.600,Kelaparan dan Kehidupan Masyarakat Adat
11,"terakhir, talalu, allah, manyala terakhir, kasusnya gimana",7,2026-01-04 00:42:26.600,Doa dan Harapan Masyarakat
12,"beras, bos tegaskan, beras terganggu, uang beredar, minskin mlh",3,2026-01-04 00:42:26.600,Impor Beras Nasional
13,"rakyat, besar masalah, masalah, konoha, besar",4,2026-01-04 00:42:26.600,Kritik Pajak dan Kebijakan Pemerintah
15,"sekolah, tulis, dng syarat, syarat, buku",4,2026-01-04 00:42:26.600,Pelaksanaan MBG di Sekolah
16,"sayurnya ganti, saran sayurnya, ganti selada, aku suka, selada",2,2026-01-04 00:42:26.600,Komentar Personal
17,"rekues, bang rekues, ayam, goreng, bang",2,2026-01-04 00:42:26.600,Permintaan Menu MBG
18,"maluku tengah, tengah, tengah terkait, dugaan penyimpangan, kejari maluku",2,2026-01-04 00:42:26.600,Kegiatan Gizi di Maluku Tengah
19,"aku liat, liat kamu, tadi aku, tadi, kamu",1,2026-01-04 00:42:26.600,Pengalaman Pribadi
21,"nkri, aamiin, semua, lebih maju, hindarkan nkri",1,2026-01-04 00:42:26.600,Pelaksanaan Dapur MBG
22,"ikan, sarang ikan, pancing, olahan, sarang",4,2026-01-04 00:42:26.600,Potensi Perikanan Maluku
23,"jumat, hari, tiap, depok, tiap hari",4,2026-01-04 00:42:26.600,Variasi Menu Harian MBG
24,"mudahan, semoga, segala, diberikan, mudahan diberikan",5,2026-01-04 00:42:26.600,Ucapan Doa dan Motivasi
27,"nasi, puasa, buka, nasi kuning, kata perias",2,2026-01-04 00:42:26.600,Komentar Porsi dan Menu Makanan
30,"bangat, ade, kak, nyiha, paksa",1,2026-01-04 00:42:26.600,Pertanyaan Informasi MBG
31,"baru, baru berjalan, berjalan tahun, art, balik",6,2026-01-04 00:42:26.600,Komentar Isu Pemerintahan
32,"pohon, swasembada, iklim makro, makro, kurma",1,2026-01-04 00:42:26.600,Swasembada Pangan
33,"maluku utara, utara, sherly, tjoanda, sherly tjoanda",5,2026-01-04 00:42:26.600,Pemerintah Provinsi Maluku Utara
35,"lokal, pangan lokal, posyandu, inovasi, pertamina",2,2026-01-04 00:42:26.600,Pangan Lokal Maluku
36,"tdk, sasaran, tepat sasaran, tepat, sdh",3,2026-01-04 00:42:26.600,Ketepatan Sasaran Program
37,"program mbg, program, informasi, bermanfaat generasi, cuma informasi",2,2026-01-04 00:42:26.600,Evaluasi Program MBG Daerah
38,"apa, kamu, keadaan mei, tdk butuh, tetap laku",3,2026-01-04 00:42:26.600,Komentar Umum
40,"buat, mbg buat, pajak buat, bisnis mbg, mbg koruptor",5,2026-01-04 00:42:26.600,Kritik Penggunaan Pajak untuk MBG
41,"mana, mana kau, kau, yappingnya sejak, dibunuh",1,2026-01-04 00:42:26.600,Pertanyaan Lokasi dan Distribusi Beras
42,"biar menetas, makan seperlunya, menetas, maleo, seperlunya",1,2026-01-04 00:42:26.600,Kritik terhadap Pemerintah
43,"jangan, berpihak nelayan, aniaya, aniaya siswa, board peace",3,2026-01-04 00:42:26.600,Pengawasan Program Pemerintah
46,"jadi, pengantin, jadi pengantin, jadi raja, raja ratu",1,2026-01-04 00:42:26.600,Produksi Beras Nasional
47,"bamtuan, dapet bamtuan, mampu malah, dapet, mampu",1,2026-01-04 00:42:26.600,Kritik Makanan Bergizi Gratis
48,"tomagoba, sdn tomagoba, pak sdn, sdn, pak",1,2026-01-04 00:42:26.600,Komentar Sekolah Daerah
49,"ibu, adakdang ngak, berharap berobat, bergerak cpt, berobat ibu",2,2026-01-04 00:42:26.600,Komentar tentang Ibu dan Sekolah
50,"jam, mbg kirain, mkn dowora, kirain mau, puasa jam",1,2026-01-04 00:42:26.600,Jadwal Produksi dan Distribusi MBG
53,"makan, makan nasi, ana, ana piara, asal penting",3,2026-01-04 00:42:26.600,Kebiasaan Konsumsi Masyarakat
54,"tau, motor listrik, warganya, perang, listrik",4,2026-01-04 00:42:26.600,Kritik Penanganan Masalah MBG
56,"mahasiswa sana, maluku kata, kata mahasiswa, lia ade, ade drg",2,2026-01-04 00:42:26.600,Konsumsi Ikan dan Gizi
57,"kepala, ketua, pecat guru, pendidikan krn, peka terbukti",2,2026-01-04 00:42:26.600,Kepala Daerah dan Kebijakan
59,"tak, kosong tak, kosong, dekat tak, dekat",4,2026-01-04 00:42:26.600,Keluhan Ketersediaan Beras
60,"yhahhahahah, yhahhahahah neo, duda, neo duda, neo",1,2026-01-04 00:42:26.600,PSN Merauke dan Ketahanan Pangan
61,"cmh rhna, cmh, pnya, pnya enk, rhna",1,2026-01-04 00:42:26.600,Lowongan dan Kondisi Kerja MBG
62,"daya launching, pembangunan sppg, terpencil desa, launching pembangunan, mbg terpencil",1,2026-01-04 00:42:26.600,Program Air Bersih Maluku Barat Daya
64,"ani, ani keliobas, deng ani, keliobas, cuman amir",1,2026-01-04 00:42:26.600,Penolakan Program MBG
65,"banyak, miskin, buku, aparat, semakin",3,2026-01-04 00:42:26.600,Kemiskinan dan Dampak MBG
66,"gizi sppg, pelayanan pemenuhan, satuan pelayanan, satuan, pelayanan",3,2026-01-04 00:42:26.600,SPPG Polri
67,"saling, sama, sama menjaga, amanah percaya, debat",1,2026-01-04 00:42:26.600,Diskusi Sosial Masyarakat
68,"btul, kaya, wakil bupati, sekarang senyum, petani rugi",2,2026-01-04 00:42:26.600,Ketepatan Penyaluran Bansos
69,"geser adaa, gorom kapan, gorom, adaa gorom, kapan nihh",1,2026-01-04 00:42:26.600,Pertanyaan Jadwal Program
71,"besar pemerintah, berpotensi banjir, ekstrem jawa, fenomena memicu, riset inovasi",1,2026-01-04 00:42:26.600,Musim Kemarau dan Ketahanan Pangan
72,"negara, pendidikan, konstitusi, menjadi, bukan",5,2026-01-04 00:42:26.600,Pendidikan dan Kebijakan Negara
73,"kanal, gizi, media, kanal diinisiasi, kanal berfokus",3,2026-01-04 00:42:26.600,Gizi dan Kantin Sehat
74,"lawang, lawang sumsel, empat lawang, tebingtinggi, empat",2,2026-01-04 00:42:26.600,Rekap Kasus Keracunan MBG
75,"selalu, tangan duluan, tuhan lindungi, selalu menyapa, selalu bpk",2,2026-01-04 00:42:26.600,Ucapan Sehat dan Dukungan
77,"daerah, daerah jawa, banyak daerah, jawa, inpo",4,2026-01-04 00:42:26.600,Pembukaan Dapur MBG Daerah
78,"pegang gepe, cicilia, cicilia pegang, gepe, gepe bali",1,2026-01-04 00:42:26.600,Ketahanan Pangan Kawasan Timur Indonesia
82,"tontonan, isinya, negara, banyak, indonesia",1,2026-01-04 00:42:26.600,Perbandingan Indonesia dan Timor Leste
83,"musuh mengerikan, mengerikan emaknya, emaknya bego, emaknya, bego",1,2026-01-04 00:42:26.600,Kunjungan Presiden ke Maluku
84,"per, night, pax per, per night, per pax",1,2026-01-04 00:42:26.600,Usulan Menu MBG
85,"utk, utk nyekesaikan, tinggal kaji, mjd, lbh jelas",1,2026-01-04 00:42:26.600,Keluhan Ketersediaan Produk
86,"liat, pass, lowongan kantin, mbg khusus, pass liat",1,2026-01-04 00:42:26.600,Komentar Sidak Program MBG
87,"req, req ayam, tdii blng, tdii, req mie",2,2026-01-04 00:42:26.600,Permintaan Menu MBG
-1,"mbg, minn, panen anggur, klo, bahan",110,2026-04-15 00:21:13.300,-1_maluku_provinsi maluku_provinsi_bahan
0,"harga, beras, mahal, harga beras, beras mahal",23,2026-04-15 00:21:13.300,Kenaikan Harga Beras dan Pangan
1,"enak, mbgnya, enak enak, kurang, enak mbg",47,2026-04-15 00:21:13.300,Komentar Menu Makan Bergizi Gratis
2,"temuan bpk, temuan, lsm, bpk, garuda sakti",2,2026-04-15 00:21:13.300,Ketahanan Pangan Provinsi Maluku
3,"anak, anak anak, buaya, bekal, buaya tersebut",23,2026-04-15 00:21:13.300,Sekolah Rakyat dan Anak
4,"mbg, mbg mbg, you, mbg bangkala, bangkala",40,2026-04-15 00:21:13.300,Diskusi Program Makan Bergizi Gratis
5,"pak, pak prabowo, pak mbg, walikota, semangat",23,2026-04-15 00:21:13.300,Dukungan kepada Pemerintah Daerah
6,"mau, gimana, cara, apa, gimna cara",25,2026-04-15 00:21:13.300,Diskusi Umum tentang MBG
7,"orang, orang orang, liar, babi liar, babi",23,2026-04-15 00:21:13.300,Kemiskinan dan Kerawanan Pangan
8,"lebih, lebih baik, baik, mba, pke",25,2026-04-15 00:21:13.300,Perbandingan Program MBG
9,"kualitas sama, semoga seluruh, manfaat mendapatkan, mendapatkan kualitas, seluruh penerima",1,2026-04-15 00:21:13.300,Bantuan Sosial Presiden
10,"mencuri, bukan, kelaparan, curiga, curiga bukan",13,2026-04-15 00:21:13.300,Kelaparan dan Kehidupan Masyarakat Adat
11,"allah, alhamdulillah, abu, mendoakan, allah swt",12,2026-04-15 00:21:13.300,Doa dan Harapan Masyarakat
12,"beras, parut, beras ketan, ketan, dibali",7,2026-04-15 00:21:13.300,Impor Beras Nasional
13,"rakyat, banjir, pajak, jujur, suara",20,2026-04-15 00:21:13.300,Kritik Pajak dan Kebijakan Pemerintah
14,"biayanya siapa, biayanya, nanggung, keracunan biayanya, siapa nanggung",1,2026-04-15 00:21:13.300,Kasus Keracunan Program MBG
15,"sekolah, mbg sekolah, sppg, kantin sekolah, semua sekolah",23,2026-04-15 00:21:13.300,Pelaksanaan MBG di Sekolah
16,"suka, kucing, buah, kucingku, suka buah",26,2026-04-15 00:21:13.300,Komentar Personal
17,"ayam, request, ayam kecap, kecap, besok",22,2026-04-15 00:21:13.300,Permintaan Menu MBG
18,"tengah, maluku tengah, sumilah, tengah cilacap, hasil perhitungan",2,2026-04-15 00:21:13.300,Kegiatan Gizi di Maluku Tengah
19,"aku, enak aku, aku mau, lucu, krim",19,2026-04-15 00:21:13.300,Pengalaman Pribadi
20,"berharap petani, nkri harga, setempat dibikin, tuk ketahanan, kebijakan pemerintah",1,2026-04-15 00:21:13.300,Ketahanan Pangan oleh TNI
21,"semua, dapur mbg, dapur, kerja semua, sklh",22,2026-04-15 00:21:13.300,Pelaksanaan Dapur MBG
22,"jenis, ikan, smoga terus, keren smoga, ikan tongkol",3,2026-04-15 00:21:13.300,Potensi Perikanan Maluku
23,"hari, tiap hari, tiap, sekali, tahu tempe",18,2026-04-15 00:21:13.300,Variasi Menu Harian MBG
24,"semoga, mudahan, standar, berjalan, program terus",16,2026-04-15 00:21:13.300,Ucapan Doa dan Motivasi
25,"kelalaian, total keracunan, kelalaian total, disebut kelalaian, org mungkin",1,2026-04-15 00:21:13.300,Kasus Keracunan Makanan MBG
27,"nasi, telor, dikit, nasi kuning, sayur",18,2026-04-15 00:21:13.300,Komentar Porsi dan Menu Makanan
28,"kat fon, fon, call, call kat, nak call",1,2026-04-15 00:21:13.300,Gerakan Pangan Murah
29,"stunting, tingkat prevalensi, tengkes, maluku utara, utara",3,2026-04-15 00:21:13.300,Stunting di Maluku Utara
30,"kak, pakek, tanya, blum jalan, sdn negeri",9,2026-04-15 00:21:13.300,Pertanyaan Informasi MBG
31,"baru, ustad, kaget, baru tau, bonggol",16,2026-04-15 00:21:13.300,Komentar Isu Pemerintahan
32,"swasembada, swasembada pangan, aamiiin, aamiiin aamiiin, tka",7,2026-04-15 00:21:13.300,Swasembada Pangan
33,"sherly, maluku utara, utara, gubernur, tjoanda",4,2026-04-15 00:21:13.300,Pemerintah Provinsi Maluku Utara
34,"bagus, bagus bagus, makanannya, sidak, lebih bagus",21,2026-04-15 00:21:13.300,Evaluasi Program MBG
35,"pangan lokal, lokal, pangan, memang, sepatutnya",3,2026-04-15 00:21:13.300,Pangan Lokal Maluku
36,"tikus, sdh, bermanfaat, tepat sasaran, tepat",9,2026-04-15 00:21:13.300,Ketepatan Sasaran Program
37,"program, program mbg, kondisikan, mbg program, hentikan program",12,2026-04-15 00:21:13.300,Evaluasi Program MBG Daerah
38,"apa, codot, les, hewan apa, codot hewan",8,2026-04-15 00:21:13.300,Komentar Umum
40,"buat, ngabisin waktu, buat program, kroni, ngabisin",12,2026-04-15 00:21:13.300,Kritik Penggunaan Pajak untuk MBG
41,"mana, awal, woiiii pak, anak kos, punya smp",5,2026-04-15 00:21:13.300,Pertanyaan Lokasi dan Distribusi Beras
42,"biar, biar tau, turun, bagus, eek",14,2026-04-15 00:21:13.300,Kritik terhadap Pemerintah
43,"jangan, sidak, hukum, jangan banyak, iyh",11,2026-04-15 00:21:13.300,Pengawasan Program Pemerintah
44,"nikel, food, food estate, estate, sawit",3,2026-04-15 00:21:13.300,Food Estate dan Ketahanan Pangan
46,"jadi, dunia, sekarang jadi, pangan terbesar, pemberitaan",15,2026-04-15 00:21:13.300,Produksi Beras Nasional
47,"makanan, makanan enak, makanan bergizi, ngga, tadi makanan",10,2026-04-15 00:21:13.300,Kritik Makanan Bergizi Gratis
48,"sdn, dapa, tong, sdn pangkal, sdn indonesiana",17,2026-04-15 00:21:13.300,Komentar Sekolah Daerah
49,"ibu, ibu punya, punya, ibu guru, selalu ibu",11,2026-04-15 00:21:13.300,Komentar tentang Ibu dan Sekolah
50,"jam, masak jam, masak, rolade, makannya jam",7,2026-04-15 00:21:13.300,Jadwal Produksi dan Distribusi MBG
51,"buang, buang buang, susu, banyak, benar",5,2026-04-15 00:21:13.300,Pemborosan Makanan MBG
52,"gratis, mahasiswa maluku, makan bergizi, bergizi gratis, bergizi",3,2026-04-15 00:21:13.300,Implementasi Program MBG
53,"makan, makan siswa, makan olahan, mreka makan, kiye",7,2026-04-15 00:21:13.300,Kebiasaan Konsumsi Masyarakat
54,"tau, pura, mengambil, pura pura, tau pura",11,2026-04-15 00:21:13.300,Kritik Penanganan Masalah MBG
55,"mantap, sppg polres, polres, mantap pak, polres halut",3,2026-04-15 00:21:13.300,Apresiasi Menu Ikan
56,"kata, kata kata, berharga kata, pdhl nyawa, kecil pdhl",6,2026-04-15 00:21:13.300,Konsumsi Ikan dan Gizi
57,"bgn, kepala bgn, kepala, ketua bgn, korupsi kepala",9,2026-04-15 00:21:13.300,Kepala Daerah dan Kebijakan
59,"tak, mampu beli, mampu, takpe beras, cuma mampu",2,2026-04-15 00:21:13.300,Keluhan Ketersediaan Beras
60,"pangan energi, psn, energi, merauke, mendukung",14,2026-04-15 00:21:13.300,PSN Merauke dan Ketahanan Pangan
61,"kerja, kerja sama, solid, bangga, tim",5,2026-04-15 00:21:13.300,Lowongan dan Kondisi Kerja MBG
62,"higenis, kelihatan bersih, bersih higenis, kelihatan, bersih",1,2026-04-15 00:21:13.300,Program Air Bersih Maluku Barat Daya
64,"tutup, tutup mbg, kenal, ajalah gunanya, gunanya meresahkan",13,2026-04-15 00:21:13.300,Penolakan Program MBG
65,"semakin, miskin, banyak, miskin semakin, semakin susah",9,2026-04-15 00:21:13.300,Kemiskinan dan Dampak MBG
66,"gizi sppg, pelayanan pemenuhan, polri, satuan pelayanan, satuan",3,2026-04-15 00:21:13.300,SPPG Polri
67,"sama, pete, tkd, bayar tkd, defisit",8,2026-04-15 00:21:13.300,Diskusi Sosial Masyarakat
68,"kaya, laeng, burger susu, ajah, kaya burger",8,2026-04-15 00:21:13.300,Ketepatan Penyaluran Bansos
69,"kapan, kapan kapan, iki, waktu belajarnya, sofan",9,2026-04-15 00:21:13.300,Pertanyaan Jadwal Program
70,"info, seporsi, harga seporsi, mang, seporsi mang",6,2026-04-15 00:21:13.300,Informasi Harga dan Lowongan
71,"musim, musim kemarau, puncak musim, puncak, kemarau",3,2026-04-15 00:21:13.300,Musim Kemarau dan Ketahanan Pangan
72,"negara, terkagum kagum, berikan jatuh, terkagum, jatuh tangan",6,2026-04-15 00:21:13.300,Pendidikan dan Kebijakan Negara
73,"kdkmp, kantin, gizi, merah putih, kantin desa",3,2026-04-15 00:21:13.300,Gizi dan Kantin Sehat
74,"lawang, lawang sumsel, empat lawang, tebingtinggi, indramayu",1,2026-04-15 00:21:13.300,Rekap Kasus Keracunan MBG
75,"selalu, teh, sehat, sehat selalu, sister",7,2026-04-15 00:21:13.300,Ucapan Sehat dan Dukungan
77,"daerah, sedih dengernya, pengawas disetiap, pengawas, disetiap daerah",4,2026-04-15 00:21:13.300,Pembukaan Dapur MBG Daerah
78,"papua, papua papua, sdh bagus, sistem sdh, efektif efisien",2,2026-04-15 00:21:13.300,Ketahanan Pangan Kawasan Timur Indonesia
79,"ganjar, pdip, jokowi, presiden jokowi, sbg",5,2026-04-15 00:21:13.300,Ganjar dan Aktivitas Politik
80,"tender, tender politik, politik, proyek, politik artinya",12,2026-04-15 00:21:13.300,Tender Politik Program MBG
81,"luar biasa, biasa, luar, amiiiin, sppg goto",10,2026-04-15 00:21:13.300,Apresiasi terhadap SPPG
82,"indonesia, timor leste, leste, timor, juta",5,2026-04-15 00:21:13.300,Perbandingan Indonesia dan Timor Leste
84,"menu, tahu goreng, langsung masukan, masukan menu, pasar langsung",7,2026-04-15 00:21:13.300,Usulan Menu MBG
85,"utk, kosong, vegitu, waduh pantesan, utk menjadi",3,2026-04-15 00:21:13.300,Keluhan Ketersediaan Produk
86,"liat, wowo, wowo liat, liat wowo, kumur",9,2026-04-15 00:21:13.300,Komentar Sidak Program MBG
87,"req, hri, req ayam, steak, req besok",6,2026-04-15 00:21:13.300,Permintaan Menu MBG
