kab_kota,tahun,Intercept,X1_Produksi_Perikanan_Tangkap_Laut,X5_Persentase_Penduduk_Miskin,X8_PDRB_per_Kapita_ADHB,X12_Kepadatan_Penduduk,X13a_Jumlah_Pelabuhan_Utama,X13b_Kunjungan_Kapal_Tahunan,X13c_Jarak_ke_Pelabuhan_Induk,X17_TPT,X27_Volume_Wacana_Digital,X9_Pangsa_Pengeluaran_Pangan,local_R2,local_condition_number
Buru,2020,32.987941327273006,1.7042603542941201,-1.1256595640582565,-4.332020570143193,1.5710413586249055,0.12164294791779992,-4.541315741089507,0.9461349589004318,1.1813011619456082,-3.0367772055979954,2.2695702429455498,0.6278435084891274,7.412629882615731
Buru,2021,33.09350256945866,1.9710651663475283,-1.044828831773773,-4.263412524174228,1.469514849608683,-0.26749574581130187,-4.110003395520692,1.405448405244944,1.3067097168223065,-3.1695904852519194,1.9387201021318359,0.6325809985743001,7.800895416253651
Buru,2022,33.33514064081387,2.6119837007962743,-0.7787403843544882,-4.0968023101026345,0.7777023284655483,-1.2930943871496738,-2.7600048704095155,2.4446958590840713,1.1096327340673928,-2.727930816391746,0.9515772033072019,0.632275294245935,9.188946459614783
Buru,2023,32.838938942871856,2.841764821542464,-0.6082254170588073,-3.194711281263728,-0.15994820321128433,-1.8692563158063562,-1.508123509812838,2.6843604810904935,-0.3102501036392068,-0.919801868628424,0.09626394196346055,0.6285776245596459,10.611574469508458
Buru,2024,31.909709223717915,1.9861887944475463,-0.6562053417011127,-2.5713365420066454,-0.15410351606729855,-1.2033440851052895,-1.525204957288505,1.5821438977339142,-0.9601396593219926,-0.3382008329900539,0.18050521784945106,0.6233898601828376,9.46166027900504
Buru,2025,31.487129491928147,1.3571500300408417,-0.6102481278789202,-2.362435634041506,-0.16469799594588586,-0.7998572966147337,-1.56566299007606,0.9432971286535863,-0.880023248794001,-0.3625668859226424,0.3386235619644129,0.620389701387877,8.746895751690507
Buru Selatan,2020,32.99573440880974,1.7382870210483041,-1.177458670584718,-4.389364769019424,1.612263645561791,0.11282475183237081,-4.62401993530127,0.9503596293106803,1.2154462246188045,-3.09223502340624,2.281341171334211,0.6302628287511263,7.518534736696659
Buru Selatan,2021,33.08888775666694,1.9835266302889363,-1.120434503818886,-4.312572266765105,1.4806378076657394,-0.26115479071707703,-4.173417222482426,1.3763478785649104,1.3591840909098611,-3.2331038019600786,1.9442232881389412,0.6333575576618902,7.913336627775465
Buru Selatan,2022,33.32030285797078,2.5593685993882147,-0.9075426742725798,-4.150657910117971,0.7987940948746249,-1.2184815981987167,-2.851184823304204,2.330062432213554,1.233908356893807,-2.8754572068874817,0.9977803061933748,0.6321034323395183,9.342064235379024
Buru Selatan,2023,32.842116855452716,2.8033241947781082,-0.7374387665051267,-3.2537090059962184,-0.10740751478294513,-1.7935541569848128,-1.6146491637222795,2.5831694338320452,-0.19783155509653372,-1.0923724612228172,0.11993340666258723,0.6259770067958397,10.731641418382857
Buru Selatan,2024,31.935173371519838,1.9976302238772783,-0.7284025896901842,-2.5990343018066113,-0.11217364625872372,-1.1819997944120941,-1.5880353647012666,1.5668069264996711,-0.9122676211472684,-0.43616709785994073,0.17067458406839808,0.6206790018393236,9.527708109048023
Buru Selatan,2025,31.514121638410643,1.387703939904085,-0.6537599840259385,-2.3776317225120165,-0.1376421930046996,-0.808055732244024,-1.595951704286279,0.958298903238053,-0.8814481440886751,-0.39695586692077367,0.3176486115100472,0.6199237846759107,8.844197949734072
Halmahera Barat,2020,33.586762133354476,0.9639974150622659,0.11164652880916019,-3.801753871183886,0.6016576022163852,0.43959272858057347,-3.0278986582588256,1.7317779676437148,0.6695870311052349,-2.2374031329654236,1.5754894715798982,0.6185633082712845,6.655994892173673
Halmahera Barat,2021,34.387198197888864,0.589192939822017,1.0124328975262449,-3.5771301358018226,-0.2920673463661621,0.5222630282151539,-1.8845186331786774,2.961290838247664,0.44959319307655676,-1.5749191173758752,0.7833609597215261,0.6284421019307576,7.890291264871466
Halmahera Barat,2022,34.18915420493498,0.6511589721928203,1.2411534398764834,-2.9918588623444444,-0.8175197191789845,0.08728179401626188,-1.1200556963137,3.261430751572307,0.22380137305599757,-0.846189584439003,0.4287412371986214,0.618731038356302,8.546497176271732
Halmahera Barat,2023,33.442805795861645,1.0382014751671351,1.1242426718973746,-2.521505329362168,-1.0701306642991264,-0.7486109643509757,-0.5778584479389764,3.034423066951719,-0.3566368552641014,0.10938240323282367,0.4220723061447359,0.6200380344742885,8.991385409513368
Halmahera Barat,2024,32.49158816562354,1.2774967202953686,0.9483215532065725,-2.142687665189595,-1.238725903788379,-1.4857710166590352,-0.12785716639102862,2.412431149804513,-1.175127141458583,1.1719400936082023,0.6879045885705806,0.6440558735781903,9.327331797251897
Halmahera Barat,2025,31.62163084077265,1.0268449471649372,0.34660294070680875,-2.0861633989340778,-0.8973697035300369,-1.11953639555293,-0.6223763603961887,1.384454355571675,-1.186346497428729,0.7713294116571427,0.7024994489901264,0.6420689433855618,8.58199238347661
Halmahera Selatan,2020,33.10397875347345,1.3814176314118325,-0.5717497735180214,-4.0191266808113255,1.1980204680211128,0.25832660239719696,-3.862824825593599,1.1357023451099022,0.9021059991241654,-2.6371939004405385,2.0411161168185314,0.6187686054414276,6.820301128296752
Halmahera Selatan,2021,33.4526115804313,1.4689795050564607,-0.0678532043636258,-3.8814575288355218,0.7557092843904945,-0.053812980645681505,-3.0284234311822966,1.960706173954557,0.7832604125428902,-2.3602269144795645,1.4791293669714523,0.6234609646717026,7.121123829039381
Halmahera Selatan,2022,34.02919948650179,1.5631028001470955,0.8050624165306223,-3.3996284009031585,-0.3922700044887121,-0.623884101716399,-1.3978560315169417,3.4421821038329723,0.29947836860413574,-1.166524424745677,0.4724688272242473,0.6323128014772461,8.280870888465767
Halmahera Selatan,2023,33.18400696441969,1.985246501920889,0.8266216435505793,-2.600103563874223,-1.022324800467176,-1.6477308932528902,-0.377816217878876,3.2981626742501504,-0.7604725176766358,0.490923768101576,0.35406647053580154,0.6404754575355454,9.303013344432742
Halmahera Selatan,2024,31.929303882549007,1.6444813444399125,0.2201532809050999,-2.2688976138974972,-0.8001325508308328,-1.4301723523498875,-0.6780492396685762,1.8605809385963379,-1.2248152077746883,0.6780475715086468,0.5103709642172101,0.6405330784523176,9.119620188779738
Halmahera Selatan,2025,31.38366293939722,1.1347003588806934,-0.14027488636871333,-2.20264779929216,-0.5047088752805744,-0.8690870466019978,-1.133525396633965,0.9979412387947397,-1.027798586275368,0.1856138187575641,0.5320830796915834,0.6339417451110374,8.451620801703873
Halmahera Tengah,2020,33.20781876511797,1.0566280455806667,-0.2598951999870801,-3.867957719800767,0.8586935069292142,0.5109371688358906,-3.482758499141821,1.2464571199281853,0.7581066447113933,-2.3800580239289446,1.843747425337143,0.6138755800642274,6.653233807782161
Halmahera Tengah,2021,33.71881244033863,0.7140040389372805,0.43909877595208485,-3.663558218084829,0.1059977662014311,0.6327086278949234,-2.4901377173546035,2.1837437188417357,0.5833203262697826,-1.8879618963881044,1.1506211170454617,0.6191256186281396,6.975158735006945
Halmahera Tengah,2022,33.95185008806033,0.6477301635011947,1.05175118490581,-3.112221785602735,-0.7904233107857946,0.26176989028754416,-1.2762709927676743,3.0789542541827952,0.24253672156734737,-0.9095879847128101,0.45908429217270946,0.619425302010948,8.22840773831129
Halmahera Tengah,2023,33.094514013431144,1.1362481182509447,0.9873752516434013,-2.492623255581902,-1.146883668844639,-0.8066502397258077,-0.5090002269656471,2.831745858569482,-0.5277217965333022,0.33768974510308636,0.4772758856795478,0.6248924833057012,8.829220985716606
Halmahera Tengah,2024,31.985380722382573,1.1281501444495925,0.5993505625124165,-2.1504516195261054,-1.1056794267487828,-1.1315176047997069,-0.4197729891138906,1.822405811065997,-1.144119610483904,0.9374896008983964,0.7008627511655963,0.6411939108888796,8.798796491839932
Halmahera Tengah,2025,31.362386133224017,0.9042262667477132,0.12241548651748113,-2.1156054687273187,-0.7294678973552102,-0.8130426277618554,-0.8991908460727308,0.9839928708765615,-1.0421566998828085,0.4520221127363926,0.6740134929734238,0.6384314200894727,8.33122798010735
Halmahera Timur,2020,33.32586678880569,0.8933511820161859,-0.07769923514891736,-3.792072622338603,0.6648509867181932,0.6163887841010084,-3.24919622794507,1.3849968582950087,0.6972153772049398,-2.259048730141348,1.7082476991973332,0.6128696021694356,6.601967449987066
Halmahera Timur,2021,34.01573819440286,0.4081559754936775,0.7568318382832765,-3.6028147833828426,-0.21645617376728427,0.8722102926456357,-2.181008225907376,2.4892608100261597,0.4888098444040773,-1.6671960104566967,0.9257299489203409,0.6217936540763626,7.45023094023276
Halmahera Timur,2022,34.03828482093203,0.4913367792583592,1.1885146936065054,-3.042408567931141,-0.8966234534348988,0.3572628350990441,-1.1824543634977012,3.1061073408071325,0.20669005815758865,-0.8248990462530086,0.4091513288460017,0.6177425560508103,8.468570078120617
Halmahera Timur,2023,33.188059444103565,0.9712888778299698,1.0870503251375179,-2.479675996696207,-1.1706491149179303,-0.6730209387939691,-0.5168708126828682,2.823460457236744,-0.4658544875088956,0.29122478991100603,0.47357838289756626,0.6216744743937812,8.97830468194725
Halmahera Timur,2024,32.14554279862799,1.0098635069666226,0.8093308955550005,-2.112870144164983,-1.236793180951722,-1.1371721765742544,-0.25989133378554885,1.9683939765711358,-1.1470460237194124,1.0995368150321814,0.7545603526337012,0.6429759441424069,8.916983137571853
Halmahera Timur,2025,31.41828040579606,0.8346621009897747,0.24325680398890626,-2.087188274514154,-0.8367780676112349,-0.828945472700769,-0.7830750392975796,1.059341619885865,-1.0589011610712014,0.579628698495355,0.7208411833074009,0.639199540497355,8.312296705523556
Halmahera Utara,2020,33.572316448833256,0.8543190333352325,0.1395563970329628,-3.7714035480493666,0.529747153539778,0.5607273507733661,-2.9972699520055017,1.6976582679267864,0.649542145661245,-2.1862073315228314,1.5533916398132837,0.6168598584628793,6.633999432676011
Halmahera Utara,2021,34.384927317773716,0.4126194893445493,1.0498256281365574,-3.5588991163412262,-0.3891522241890197,0.727004385055389,-1.86770370127196,2.926300661988777,0.4272250439511728,-1.521769733200633,0.7425155332608239,0.6272005318856142,7.950664640090549
Halmahera Utara,2022,34.18406352157922,0.5141046679995194,1.2797546459167948,-2.982882072020147,-0.8892842614299824,0.23892203584270322,-1.108157266005089,3.2277815263306593,0.20597972276830612,-0.8029065953815229,0.40378752744403335,0.6181517914379437,8.627177660879546
Halmahera Utara,2023,33.407896504503036,0.9302663946451166,1.1542042637228263,-2.504183454149613,-1.1180021409543237,-0.6477336040152628,-0.5636678237310204,2.969885673545954,-0.3675935519645381,0.15279659570760334,0.4349581244383657,0.6195543594206558,9.0676918760879
Halmahera Utara,2024,32.44579474759831,1.1434465440316885,0.9737567933181333,-2.1251272763160647,-1.2714856539019102,-1.362578297356634,-0.13026898379996887,2.318032541812143,-1.1536841976620205,1.180937139821436,0.7227785713658625,0.6434516984857246,9.291718480585788
Halmahera Utara,2025,31.589281993741608,0.9294563665131317,0.37172738819122797,-2.0737189214770084,-0.9257712104319372,-1.0311517434479538,-0.6206628400027807,1.317807096285168,-1.155072435102399,0.7704198341697395,0.729154675946242,0.6417008225431314,8.500572703452733
Kepulauan Aru,2020,32.14029008404143,1.1582415106643944,-0.7138436914205482,-4.260064635964052,-0.27345897531756064,0.30009043809078606,-3.7520565306442286,-0.3669420651602313,0.9494478903174325,-1.7823900145151637,2.148286691194042,0.5533691982930691,9.68120227457886
Kepulauan Aru,2021,31.787301768920194,0.9145550820398773,-0.10457894465814982,-3.854434061640295,-1.5966773059310864,-0.09485554855679265,-2.328205473565458,-0.6801153583878401,0.9234834542711481,-1.2487409161958851,1.7528150412602224,0.5330528318860409,10.819606810842174
Kepulauan Aru,2022,31.39436403473195,0.5912561008470956,0.6862492085180818,-3.313982778718941,-2.9353730624431806,-0.6542376861270173,-0.3815042857614742,-0.9434396696061804,0.7707340678637631,-0.6456207032926038,1.205588493599236,0.5170552000286432,12.18826997813667
Kepulauan Aru,2023,31.28773834939156,0.3870639144905482,0.9765246203728812,-2.6113696503218553,-2.7335878859757017,-0.9029114185340446,0.632713531708861,-0.8369109465213547,0.3948133913745404,-0.3966861011187005,0.8758181394007565,0.5095513842071716,11.348325077415673
Kepulauan Aru,2024,31.10907382373886,0.3794708850689583,0.6107448427742366,-2.2483810523252448,-1.966482440262562,-0.656606402281056,-0.18338804997251995,-0.5126028740231532,0.1952360824426449,-0.3802275860988733,0.7166645697327836,0.5382277325738858,8.94304392746565
Kepulauan Aru,2025,31.045493635265196,0.40036791130990024,0.33956755955977913,-2.1490231755236735,-1.390216464731187,-0.5177631333577861,-0.6840945016006472,-0.3089823838370922,-0.02227419170200029,-0.37968777841196133,0.6420980570066299,0.5725246197573393,8.330209002380267
Kepulauan Sula,2020,33.272446588852105,1.776504622174389,-0.7060123864085638,-4.215886787937082,1.436849238572334,-0.17373629817720376,-3.9882743415136273,1.3787013451995196,1.083357868947348,-2.9663087130299295,2.0191290007864198,0.6307271809552846,7.051834429738675
Kepulauan Sula,2021,33.68342380300045,2.2227776452891423,-0.2297865850259931,-4.117065143448284,1.115653188981324,-0.9484072415079399,-3.1063593635584232,2.280727695639155,1.0397556971198214,-2.7927920351936586,1.4755040038421303,0.637161174426012,7.64277198050347
Kepulauan Sula,2022,34.22613320205657,2.96286934911863,0.5321819510611815,-3.7353542600081893,0.2770939313559501,-2.2247578720097545,-1.5232082423450428,3.7515381608006524,0.5860135223975202,-1.8454874272982775,0.4919463920436419,0.6469218140176405,8.879660653048317
Kepulauan Sula,2023,33.582422781609246,3.1305559641415366,0.5515693447512264,-2.895247876288088,-0.4891702144503492,-2.7301228558315564,-0.597661209736561,3.828120088295343,-0.5442234601886693,-0.174285871677068,0.0551002457251375,0.6480270446493634,10.039568912467985
Kepulauan Sula,2024,32.37912272568578,2.4159162033866335,0.02385607583213334,-2.4405192205361375,-0.5564646772569513,-2.0948913374652687,-0.7850534863790948,2.480381270543357,-1.2369732438654493,0.43620016257869465,0.22671845209179353,0.6401941825143763,9.92534144169473
Kepulauan Sula,2025,31.677935753066595,1.60797907513982,-0.3479569092852035,-2.3157570771514124,-0.32255339410474404,-1.2286832501416531,-1.248316680652687,1.4225233477564105,-1.120849979949006,0.05278974958176863,0.3327895049036498,0.6312914362257305,8.943379267249094
Kepulauan Tanimbar (Maluku Tenggara Barat),2020,32.414155890490214,1.35260327243456,-1.509619580542044,-4.880678713451942,0.05150436404211517,0.3169397850852802,-4.561028263463793,0.02607461321566551,1.2305186736563245,-2.188484918501801,2.3486497514726152,0.5805403435535761,10.345999976310111
Kepulauan Tanimbar (Maluku Tenggara Barat),2021,32.29923413455765,1.008588533538631,-1.4115606210492773,-4.701762746885259,-1.921780762277308,-0.08443284563441386,-3.1285785876527505,-0.15184399932855136,1.402446672295021,-1.5296434005383408,2.0322093090432074,0.5596453945794176,12.122089155100445
Kepulauan Tanimbar (Maluku Tenggara Barat),2022,32.28072743790688,0.5307730519739245,-1.0175650942023444,-4.061947929869227,-3.820734808540945,-0.6883654141377502,-0.8184219075142791,-0.37375845599952096,1.2524902780004354,-0.7469729229363655,1.484527519313212,0.530690119005542,12.787599763541769
Kepulauan Tanimbar (Maluku Tenggara Barat),2023,32.07717420630197,0.31064648449280313,-0.4141258047871865,-3.1679260357910897,-3.615995213510028,-1.0334671294750117,0.5390380206956724,-0.43739468569581974,0.6981312447283027,-0.4064029531426,1.0557131601143466,0.5174913915581301,11.873377269499356
Kepulauan Tanimbar (Maluku Tenggara Barat),2024,31.654170181301218,0.33678349125508866,-0.3505704347847187,-2.4855759823174783,-2.681207803262711,-0.862205018533647,-0.06768167728403363,-0.22944519779971917,0.37542512493157476,-0.3506312417557954,0.7844951911824305,0.5342772638137923,10.02533706050492
Kepulauan Tanimbar (Maluku Tenggara Barat),2025,31.342780508823886,0.476454267683823,-0.28750291280011675,-2.2723147949482962,-1.5859047582280015,-0.6566741751417868,-0.7786794293677526,-0.0914209435482447,0.019654776495069415,-0.4217064752262406,0.6656851887834043,0.5644805898073083,9.042542290959537
Kota Ambon,2020,32.77871640713455,1.5770226377032024,-1.2454809411285652,-4.308624980175816,1.4812916354855183,0.33565682217834736,-4.72151302654622,0.6394021511711419,1.1272495079632099,-2.8474537325569127,2.4037239916558018,0.6181274445828531,7.637157340138266
Kota Ambon,2021,32.664038751218875,1.6568552597801232,-1.313406982864987,-4.184221646959797,1.3348314495012823,0.19911060447167567,-4.433497380170285,0.7780357099544438,1.2448171600537572,-2.916892559865135,2.2075954376557116,0.6162714251856741,8.082207126122432
Kota Ambon,2022,32.48442836176514,1.9394405155353471,-1.44632708938902,-4.010343988847709,0.7849091243036193,-0.2642001498854007,-3.468677429562136,1.1280257785714933,1.1981131924579569,-2.792964599807777,1.4638576198595845,0.6075389667129509,9.486624352562638
Kota Ambon,2023,32.029598512087865,2.0296971908406807,-1.2360450961329084,-3.2788100577019,-0.024093153096805153,-0.6955996196556544,-2.150408971683364,1.28933138518808,-0.08120047118912199,-1.3962255731642497,0.3520924500440088,0.602387452236967,9.987659970726137
Kota Ambon,2024,31.522277206788505,1.4045250284159747,-0.7770594203219057,-2.5443943426248734,-0.17294817640216698,-0.5722013843054743,-1.7300967052367748,0.7879162652449903,-0.5908644126510753,-0.6895451790000291,0.3635247699264901,0.6058198274085083,8.930009581667772
Kota Ambon,2025,31.313678398530335,1.077155090908903,-0.5605428654629558,-2.329220491378818,-0.23775588698369576,-0.5434759112713381,-1.5788111104204963,0.5596697965753608,-0.6821977758450419,-0.4801089026108323,0.4321698241926468,0.6144108991511661,8.505206745526573
Kota Ternate,2020,33.55614296752672,1.1981142949493746,-0.007773231695285501,-3.8779919657580235,0.7882633354127826,0.21005271144452448,-3.165653075123173,1.7231906905490775,0.7300504839385125,-2.372911207207407,1.6583154154590307,0.621511801809328,6.709093228706856
Kota Ternate,2021,34.456556604178495,0.9650008112023468,0.967038511282988,-3.7013449594767938,-0.08490910780914805,0.10932314909431634,-1.9390471221245018,3.1030839530885896,0.49172125649324167,-1.6978295362078648,0.8427280442267295,0.6349477710185876,7.92439595474071
Kota Ternate,2022,34.17168423742059,1.0362103236709566,1.1327584122412242,-3.041274652569793,-0.6358070325823713,-0.31779917612311354,-1.1578139845027942,3.3267903576841276,0.2590209840184391,-0.964553397020076,0.47344623966871124,0.6200732626404523,8.389431672803264
Kota Ternate,2023,33.46927902371304,1.3634632396013213,1.0408388496111787,-2.5604752921785283,-0.9601574039573461,-1.0641379941417997,-0.586284474191071,3.1610381432534886,-0.3692044378824443,0.04788046008761304,0.39242529076012056,0.6219179509311045,8.87867432293377
Kota Ternate,2024,32.57677453537688,1.6068402425256145,0.9554115774725216,-2.149031994573359,-1.2245091153379377,-1.855227711023331,-0.016534304452799686,2.6319256897454495,-1.317516414649603,1.3269420950412534,0.656310141757747,0.6512295360215219,9.641216272355326
Kota Ternate,2025,31.649876911875356,1.2079777746176963,0.25327806732984204,-2.1187942587437147,-0.811160873361479,-1.2484780249772898,-0.6756930719696732,1.4610541420833574,-1.2281271894200694,0.7182977764597689,0.6383568576299494,0.6421542780569345,8.71238395213953
Kota Tidore Kepulauan,2020,33.33943829920667,1.1581344086126044,-0.19173799852353637,-3.8773536996132774,0.8660850180247204,0.34007719751713006,-3.3747774061858027,1.4396746606115567,0.767659765268734,-2.4144967359000984,1.781971365838174,0.6171685203373187,6.661067258339021
Kota Tidore Kepulauan,2021,34.04488694965258,0.9431068475007434,0.6328143447829166,-3.7024308368456453,0.09081486783415023,0.2736496458556295,-2.2709226014820336,2.6191823632271363,0.5550623969285139,-1.8506198206173885,1.0337857903204233,0.626897605014138,7.38473060740065
Kota Tidore Kepulauan,2022,34.083161149480894,0.9209976445371504,1.0723008626462724,-3.0905797977002116,-0.6781695468018396,-0.11214698773566273,-1.2198067029298452,3.248908903459721,0.2582321264023245,-0.9565683034676513,0.4735261356944107,0.6205884422860566,8.290989064236435
Kota Tidore Kepulauan,2023,33.30769520306529,1.31986210089004,0.9964612159885717,-2.537374863881446,-1.0360073103309815,-1.0020970904297375,-0.5450838956180434,3.0537392757485757,-0.4554314497693406,0.18898125626419487,0.4215867468704946,0.6239276659188115,8.857097176241759
Kota Tidore Kepulauan,2024,32.265745559490234,1.4382066544762422,0.7299880725086125,-2.1594010251731826,-1.1458280720519811,-1.5468526255962707,-0.23111021619776895,2.242898962759538,-1.262149315599463,1.1301394935137643,0.6593821735447232,0.6460914648239465,9.235838614281178
Kota Tidore Kepulauan,2025,31.488315730493746,1.0703271584213492,0.13495017776548401,-2.130552232629924,-0.7365740959798985,-1.012054024601388,-0.83596243771123,1.2009034155067893,-1.1210306508778825,0.5284267102917561,0.6385832795890904,0.6385658439149224,8.483120555173423
Kota Tual,2020,32.31179095942499,1.3122312050201057,-1.086870695377805,-4.352531967005044,0.45933095005087515,0.4344835500021303,-4.423906941681965,-0.07108907750497492,1.0286708005222478,-2.127028207552086,2.3782399598866535,0.5763578065450765,9.120327436034545
Kota Tual,2021,32.00120369421333,1.1000630778711706,-0.707236512145357,-4.011759928882284,-0.7280450656010671,0.12373922412967286,-3.2362179573626055,-0.32929839795819593,1.049289446458894,-1.6360110448886565,2.077483089353603,0.5551472660606074,10.148682073514061
Kota Tual,2022,31.608494749523764,0.6953957427272066,0.044108727486591226,-3.4513329887897113,-2.5864477320395407,-0.5266673208742031,-0.917457284240801,-0.6891334047382871,0.9293543874512957,-0.8329027344587784,1.4644280815062554,0.5362482979776516,11.322478092814663
Kota Tual,2023,31.412767765336795,0.47475191691408053,0.3114957894458301,-2.7813188265221145,-2.537715701500551,-0.7606685308470427,0.10685665711506676,-0.5978956384248266,0.49554210495450257,-0.508561906261326,0.9476553592156758,0.5309455507386767,10.408300923113227
Kota Tual,2024,31.19102150081447,0.47986223700726344,0.09521048431462509,-2.330797561347444,-1.636497651517145,-0.5181311417405641,-0.6373613340959597,-0.29624032492621066,0.1500717522494085,-0.4683449912645269,0.7154379459334825,0.5582863702231112,8.819345646659182
Kota Tual,2025,31.099789111197094,0.5067592686071837,-0.004496137198496175,-2.2000421453306123,-1.0603011595108458,-0.43476244385441465,-1.0041119899400377,-0.13885478355004288,-0.13908932612143898,-0.43928573276066873,0.6193976721681971,0.5886084631726523,8.35203611763785
Maluku Barat Daya,2020,32.71820018204881,1.650168036875323,-1.9230072556760958,-5.23608890071962,0.9663170792871689,0.3322680750658849,-5.231363137284137,0.49547659360573215,1.443196116947792,-2.937083459850311,2.3601732613148454,0.6209561530649963,10.03964462663353
Maluku Barat Daya,2021,32.761605681949035,1.3668004047389035,-2.14991880840067,-5.318944598130795,-0.5684286966671415,0.0640562206212783,-4.107099845692298,0.47740295184372766,1.7236861529325473,-2.530227600070289,2.176219817363683,0.6113576224064902,12.327633294128136
Maluku Barat Daya,2022,32.843826744507794,0.70309489242967,-2.1345464288468654,-4.710200272135686,-3.1846325272902822,-0.5078360693347423,-1.6157538598831047,0.30465998630670044,1.7985613643067468,-1.4473856491835988,1.7700667442834663,0.5790457916566445,13.999005582016611
Maluku Barat Daya,2023,32.51911625001125,0.5308769971221811,-1.663242006144607,-3.754395158458537,-3.302582854739444,-0.8455564031885109,-0.41408105826813546,0.24218208081371384,1.061463254072057,-0.8242127358904136,1.1638284220480826,0.5497093592558837,13.510639517254761
Maluku Barat Daya,2024,32.01186266952942,0.7202758655974075,-1.2269718489293924,-2.7289563396916536,-2.136985388860635,-0.8335634497514028,-0.7440091949358609,0.34538494245110996,0.26699442478064034,-0.6001816094689166,0.7258995556968884,0.5563332804196905,11.804380226549169
Maluku Barat Daya,2025,31.62037048202922,0.8636892684996738,-0.910653743348389,-2.429007413380343,-0.9982966370380955,-0.6790396543685921,-1.292447779221051,0.37050483806186985,-0.2135384116484868,-0.6399484561239503,0.556880741801693,0.5758427104036343,9.945224516178486
Maluku Tengah,2020,32.6685414543983,1.4313161575884932,-1.0990432138319466,-4.1388695600224175,1.2763263832956557,0.42488556177283254,-4.486386905549333,0.48739470796003675,1.018302267580027,-2.613450764388044,2.3776946620590595,0.6060382888903754,7.425034544499948
Maluku Tengah,2021,32.46750487968037,1.4371471795011024,-1.08932543156966,-3.9668514540310054,1.0931186469958551,0.36128708642212903,-4.177234175285334,0.5185429636796917,1.0724751745832557,-2.572745484451022,2.221926390155142,0.602443381314291,7.778771772724551
Maluku Tengah,2022,31.98322882120194,1.570836000758396,-1.0456816483874318,-3.7104277619070083,0.5762689967489649,0.10646515155487513,-3.284839768585913,0.5911880697461679,0.975810119405893,-2.3510483069481567,1.5868131181379304,0.6002427280111298,9.425542777036386
Maluku Tengah,2023,31.583582889163864,1.5682092981009839,-0.9213456551465806,-3.130685378498842,-0.15218585790690442,-0.20786314839253173,-2.0743455000118116,0.7439919338597386,-0.10426565989816616,-1.2168996991365764,0.40716761189905326,0.6053967186317684,9.629450912039173
Maluku Tengah,2024,31.2968141532569,1.0913415482983033,-0.5071873192287533,-2.438316569409358,-0.3225063889257851,-0.3619299292134386,-1.6013674138041736,0.47011599205403254,-0.47118387937116746,-0.6100093328141087,0.493691228482406,0.60555481946069,8.422472481367322
Maluku Tengah,2025,31.18751368247032,0.8988879137832093,-0.3761763593059011,-2.2718190600744625,-0.34531654694818714,-0.43552748367097194,-1.4821092809644814,0.37968939241553445,-0.5865674620075597,-0.4354346601607181,0.5241986756286827,0.6142425154104689,8.160069809019394
Maluku Tenggara,2020,32.274182265954046,1.2775197830506528,-1.0114321863209081,-4.3267534528856855,0.30618870233810114,0.4100428166702015,-4.2822954000920195,-0.13558192746649725,1.009578724546826,-2.0487365564061846,2.3317304546157085,0.5709709166147136,9.208205249602885
Maluku Tenggara,2021,31.952894753322923,1.055432679805693,-0.5731496874118722,-3.971784038332869,-0.9238527492902381,0.07772211153947264,-3.0281607652817364,-0.411581923149377,1.0166253250597206,-1.5406918008606174,2.0061643805122387,0.5495670554294112,10.238611819360411
Maluku Tenggara,2022,31.551223198502885,0.6674935781249358,0.21616632230976052,-3.412233832281006,-2.674654920672605,-0.5598475297959292,-0.771189810869032,-0.7596054509110648,0.8843650528393492,-0.7780186926949466,1.399698972958348,0.5318923131447738,11.423445016081413
Maluku Tenggara,2023,31.3775982479875,0.45077093559135495,0.48160273868635084,-2.7362177972515243,-2.5844948701435935,-0.793931040189527,0.23582952164312465,-0.6592428913150818,0.4705426277773872,-0.4770521718880729,0.9301284487973143,0.5261841220019303,10.514205567057994
Maluku Tenggara,2024,31.169997351111984,0.4540938630505523,0.21211786482258255,-2.3105004698799827,-1.7090787026395584,-0.5465074459232842,-0.5401046570802959,-0.3467626343016774,0.16444268257519967,-0.4470805292351838,0.7214980974251417,0.5541582902348419,8.79681703182169
Maluku Tenggara,2025,31.086295296818285,0.4805786895119533,0.06932310486446314,-2.1882045093931812,-1.129750278365746,-0.4497839096576406,-0.9378008520705603,-0.1781672856695944,-0.10907714071672958,-0.4267938196895573,0.6303091902759059,0.5853957250704045,8.324286357004567
Pulau Morotai,2020,33.606013172176965,0.47540708025372397,0.3046688759601056,-3.655639924028762,0.23336430826276897,0.9429643388104326,-2.8050803728537,1.6844133126922394,0.5741477946832494,-1.9920063270457775,1.4167246887439593,0.6122873514033543,6.631623636899518
Pulau Morotai,2021,34.3656969681248,-0.038551313311570884,1.1772726300746281,-3.462085912506568,-0.6697452361214101,1.2137090385243998,-1.7739927774381854,2.812099196337939,0.3631141902709622,-1.3718332536230624,0.6095945797112764,0.6217494702700264,8.189540245399572
Pulau Morotai,2022,33.92533116565405,0.16413855138737488,1.220495598012022,-2.8935570890847875,-0.9697673065836833,0.626300621151025,-1.1972622226688678,2.821824770699839,0.20827032349977662,-0.8005954373680113,0.44769126587288793,0.6086413367419552,8.523252767064411
Pulau Morotai,2023,33.19548890032796,0.5471783440316901,1.10315838919669,-2.474078520736426,-1.148000702370532,-0.20723103051141728,-0.7125004107451852,2.5632542330857264,-0.2788924250245126,0.02663116701590834,0.4829166786834517,0.6102588572630585,8.904579375391126
Pulau Morotai,2024,32.3528160136883,0.7885765900171149,1.0363442780913452,-2.0995235671725325,-1.3199195676694282,-1.0134497632765096,-0.1894902831491021,2.0600545134185264,-1.0327655871425634,1.0968543310217465,0.7848012266675362,0.6381382047743196,9.243655727819974
Pulau Morotai,2025,31.556205739011006,0.6436717802337768,0.4868893077250265,-2.0388727312891923,-1.0344766434281676,-0.7915139603123136,-0.586546394196553,1.188302242963498,-1.0601847033573286,0.7886880071880947,0.8029251482318738,0.6399693659966466,8.274122098543545
Pulau Taliabu,2020,33.5620821944305,2.0021949312126366,-0.46641134760807684,-4.275739988150287,1.4318613612817657,-0.5409478289806021,-3.7319626358328177,1.7637821841659032,1.0905950503123787,-3.0168504012152293,1.8664775627400607,0.6395970222604024,7.179168398855932
Pulau Taliabu,2021,34.15721142131872,2.5470531139982677,0.2269540253428292,-4.1548686916660635,1.0048308685457392,-1.5533518152630006,-2.6083095030396355,2.8688004564213836,1.0239162957945194,-2.71618736307716,1.2585627065064118,0.648502957454574,8.162129873682275
Pulau Taliabu,2022,34.25840517518543,2.952730287951441,0.6325324748353054,-3.5402301080395486,0.2873344399821989,-2.36244322219148,-1.429637955693638,3.636747501625011,0.641020490743865,-1.8888624282724111,0.5324565811967874,0.6392857548450936,8.724481124478462
Pulau Taliabu,2023,33.70223917485579,3.088119645352009,0.6030060178670138,-2.8786879247210893,-0.2819833444627213,-2.7574078912792666,-0.7376225690469668,3.7259614220822463,-0.2548038247588971,-0.5718396440605606,0.14934304113561214,0.6380155909655232,9.570360003050054
Pulau Taliabu,2024,32.83678544904623,2.8139502230031974,0.38119591061127744,-2.4351900223580887,-0.6538180769483711,-2.7023995111451917,-0.44537920230505845,3.104138484638432,-1.2802327684331236,0.6714273789320457,0.17177205771621185,0.6507828462076121,10.53938158159495
Pulau Taliabu,2025,31.956758766622855,1.9490652005238454,-0.1820136919422617,-2.3151128224312747,-0.3945615248686476,-1.6821712204175503,-1.022955434826098,1.8875990730881342,-1.2953524726068963,0.3141928413053133,0.2716428084692555,0.6398663761215562,9.474561554404248
Seram Bagian Barat,2020,32.77991581747063,1.5179284637115775,-1.1271525446960484,-4.202888781247266,1.4087795134533265,0.3405221083380232,-4.535946588765408,0.6504903091644405,1.0728645048101901,-2.770588012453287,2.3583445913127723,0.6145524559686972,7.394775045644227
Seram Bagian Barat,2021,32.667327741489146,1.6017375242600163,-1.141640931221776,-4.07255250204384,1.2970768939255932,0.2068011983341418,-4.248034356564764,0.8154293341224954,1.160392874426006,-2.8234945251191332,2.1602184592069604,0.6141097774874426,7.733455083327896
Seram Bagian Barat,2022,32.505906075655844,2.0229210803274698,-1.153001086926393,-3.9152806794409987,0.8406030090840542,-0.3497262704672264,-3.308826434667708,1.3679328375675384,1.0317737244235028,-2.644749187896734,1.3380189216430702,0.6117440650387246,9.09137572724666
Seram Bagian Barat,2023,32.03689480883548,2.1465912509341383,-0.9779779638692414,-3.195764252726203,-0.06734011393359152,-0.8191960879662397,-1.9831333602444834,1.5597863300161101,-0.3099855663953614,-1.0974808000903242,0.22410347121528695,0.61498950891887,9.830455867970601
Seram Bagian Barat,2024,31.474305333845845,1.3760185254712554,-0.6427484122802496,-2.495795804016157,-0.20660794588827414,-0.5803403285599495,-1.6536209813444704,0.8203755853216577,-0.6526805201738957,-0.5605724806700509,0.37898834822688454,0.6109943137974374,8.701905174831106
Seram Bagian Barat,2025,31.27848824627681,1.0477573111899265,-0.4821051839043444,-2.3046003165103652,-0.2668095761712532,-0.5407178011010634,-1.5318341784898086,0.5665741046410646,-0.6986555116220117,-0.4135143434720062,0.459559040183942,0.6165667944009356,8.344603988395379
Seram Bagian Timur,2020,32.54526269155077,1.3694586332858696,-1.071641293564592,-4.122835570809474,1.148151135047533,0.5056071093478156,-4.512060927081359,0.2983354010926008,0.9764807107799782,-2.4538442422565843,2.4225191778236526,0.598607511800198,7.653438155980841
Seram Bagian Timur,2021,32.25422457485408,1.3129352163779524,-0.9680555489814915,-3.89612655998823,0.8208230528709566,0.4579824535159789,-4.102171851713453,0.20017613192920308,1.0053690860638294,-2.28946794113469,2.2871031489399125,0.5920687062951888,8.176660276761217
Seram Bagian Timur,2022,31.539678899463606,1.0964860592316183,-0.48107304750402347,-3.40729242254744,-0.265331354690549,0.19670169824593722,-2.589935372881785,-0.15503572189820491,0.8906502345816797,-1.6801493845169004,1.7440564418482685,0.5890167462837843,9.820428645040817
Seram Bagian Timur,2023,31.23258054601632,0.9402965643227988,-0.41225460834465144,-2.9223814641977923,-0.7171191135072743,0.04641813026994235,-1.6012031098595356,-0.0016790574559893967,0.18421533182606314,-1.0245125950473328,0.6794809167988958,0.5934592541370304,9.576089738363411
Seram Bagian Timur,2024,31.14747044882412,0.8128990477516798,-0.27853040571105137,-2.374030975595085,-0.5447508305331112,-0.2043202542264979,-1.439443113842374,0.13255575688276222,-0.28778856133970443,-0.5932140483532151,0.5722598794406448,0.6032637310912872,8.36144824995518
Seram Bagian Timur,2025,31.101861359454382,0.7399033446998954,-0.2307573816962596,-2.2330833971118147,-0.4604126560111772,-0.34052859333119256,-1.395955321989472,0.17482255033094907,-0.4699164951380127,-0.4406570818480162,0.5682776925015307,0.6140626178716146,8.076181284554611
