Provinsi,Kab/Kota,Tahun,Y_PoU,X1_Perikanan,X2_Padi,X4_NTP,X5_PendudukMiskin,X6_GarisKemiskinan,X7_Gini,X8_PDRB,X9_PangsaPangan,X10_PengeluaranPangan,X11_JalanMantap,X12_Kepadatan,X13a_Pelabuhan,X13b_KunjunganKapal,X13c_JarakPelabuhan,X14_TPAK,X15_RLS,X16_NonAK,X17_TPT,X18_TKPertanian,X19_AirMinum,X20_Sanitasi,X21_Stunting,X22_UHH,X23_IPM,X24_Sinyal4G5G,is_variabel_provinsi,flag_definisi_lama_air,X13_IKM,Rasio_Perikanan_per_Kepadatan
Maluku,Buru,2020,39.15,8277.0,45914.31,96.77,16.64,492055,294.0,17.988,47.91,4.804,20.41,27.42,1,500,176,71.69,8.52,28.31,6.28,33.97,93.21,75.06,31.7,69.7,70.55,68.42,False,1,0.004130413819953174,301.85995623632385
Maluku,Buru,2021,30.87,11090.0,60572.67,101.14,17.28,503254,289.0,18.474,46.07,5.166,20.41,27.65,1,477,176,70.82,8.79,29.18,4.85,32.64,93.21,76.77,31.7,69.73,70.93,77.92,False,0,0.00368116157057417,401.0849909584087
Maluku,Buru,2022,34.38,12287.0,45450.84,104.85,15.82,530858,272.0,19.985,48.49,5.298,20.41,27.98,1,454,176,72.04,8.99,27.96,4.99,33.54,92.1,76.47,23.3,69.95,71.52,82.43333333333334,False,0,0.0032319093211951658,439.1350964974982
Maluku,Buru,2023,28.23,12789.667,38741.59,104.41,16.53,584277,303.0,21.201,49.49,5.964,20.41,28.48,1,705,176,73.72,9.01,26.28,4.86,31.6,92.98,78.17,20.3,70.19,72.11,86.94666666666666,False,0,0.00813461865137471,449.075386235955
Maluku,Buru,2024,32.66,12860.461,43943.91,102.34,16.08,610346,253.0,22.256,54.07,6.572,20.41,28.85,1,790,176,72.51,9.02,26.740000000000002,4.66,31.77,93.32,80.51,25.4,70.34,72.55,91.46,False,0,0.009794898703427545,445.76987868284226
Maluku,Buru,2025,32.36,12860.461,46418.0,98.79,15.11,638726,247.0,23.232,48.24,6.907,21.98,29.22,1,847,176,72.8,9.28,27.2,4.66,36.17,92.83,83.09,25.4,70.56,73.24,95.12,False,0,0.01090826297362768,440.1252908966461
Maluku,Buru Selatan,2020,47.8,8697.0,0.0,96.77,15.75,628659,258.0,18.931,58.74,4.194,60.72,19.95,1,359,204,73.99,7.94,26.01,2.31,33.97,93.21,75.06,39.1,69.45,66.14,38.81,False,1,0.0006996456061161716,435.9398496240602
Maluku,Buru Selatan,2021,40.88,12093.0,0.0,101.14,15.89,644441,274.0,19.431,56.15,4.223,60.72,20.29,1,440,204,75.39,7.95,24.61,1.63,32.64,93.21,76.77,39.1,69.54,66.25,60.29,False,0,0.002281794832190048,596.0078856579596
Maluku,Buru Selatan,2022,29.96,12832.0,0.0,104.85,14.75,677044,0.24,20.917,54.76,4.331,60.72,20.77,1,521,204,74.82,8.06,25.18,0.98,33.54,92.1,76.47,41.6,69.85,66.81,70.64666666666666,False,0,0.0038639440582639243,617.8141550312952
Maluku,Buru Selatan,2023,38.87,12956.076,0.0,104.41,15.28,743721,276.0,22.229,52.11,4.555,60.72,21.02,1,447,204,68.72,8.23,31.28,0.97,31.6,92.98,78.17,35.5,70.11,67.68,81.00333333333333,False,0,0.0024185237776532236,616.3689819219791
Maluku,Buru Selatan,2024,33.01,12791.713,0.0,102.34,14.91,769919,225.0,23.34,55.26,4.835,60.72,21.38,1,442,204,72.07,8.48,29.46,1.35,31.77,93.32,80.51,39.7,70.28,68.54,91.36,False,0,0.0023208602451795287,598.3027595884004
Maluku,Buru Selatan,2025,36.17,12791.713,0.0,98.79,14.84,789414,231.0,24.203,52.93,4.697,91.3,21.75,1,417,204,72.36,8.74,27.64,1.29,36.17,92.83,83.09,39.7,70.54,69.36,95.06,False,0,0.0018325425828110472,588.1247356321838
Maluku Utara,Halmahera Barat,2020,39.54,25675.0,1649.52,96.52,8.82,339283,239.0,17.279,51.67,5.213,67.143,71.0,1,1853,36,64.66,8.35,35.34,3.26,33.97,55.53,80.34,27.7,66.25,65.31,39.16,False,1,0.04973010265290049,361.61971830985914
Maluku Utara,Halmahera Barat,2021,34.62,31209.0,1433.85,102.43,8.95,358707,275.0,17.556,48.21,4.925,67.143,79.0,1,2107,36,64.88,8.37,35.12,3.26,29.04,94.73,73.32,27.7,66.34,65.56,57.41,False,0,0.054691410102564245,395.0506329113924
Maluku Utara,Halmahera Barat,2022,38.0,31467.0,226.18,106.44,8.43,379108,246.0,18.828,54.18,5.457,67.143,81.0,1,2259,36,70.21,8.57,29.79,3.45,26.81,93.92,67.77,24.9,66.64,66.2,68.14,False,0,0.0576603814897646,388.48148148148147
Maluku Utara,Halmahera Barat,2023,37.41,28576.671,375.09,103.37,8.74,414870,0.26,19.677,49.91,6.175,67.143,61.0,1,2598,36,68.09,8.58,31.91,3.77,26.5,89.11,76.39,24.9,66.91,66.91,78.86999999999999,False,0,0.0642819689914812,468.4700163934426
Maluku Utara,Halmahera Barat,2024,33.55,23893.964,463.26,103.42,8.75,455327,271.0,21.359,54.41,5.864,67.143,62.0,1,2784,36,69.35,8.59,31.060000000000002,3.53,25.62,89.11,76.39,24.9,67.13,67.53,89.6,False,0,0.06791505239950271,385.38651612903226
Maluku Utara,Halmahera Barat,2025,36.09,23893.964,150.0,106.05,7.9,525327,271.0,22.782,54.56,604.0,69.567,62.0,1,2920,36,69.79,8.6,30.21,4.06,24.06,89.11,76.39,24.9,67.13,69.75,91.33,False,0,0.07057150048278725,385.38651612903226
Maluku Utara,Halmahera Selatan,2020,39.1,53812.0,1544.17,96.52,5.21,324767,256.0,35.197,55.61,4.764,33.202,29.0,2,2316,245,68.25,7.93,31.75,4.4,33.97,52.05,61.19,32.7,65.86,63.84,36.75,False,1,0.49763160749160434,1855.5862068965516
Maluku Utara,Halmahera Selatan,2021,30.8,60240.0,885.6,102.43,5.19,343323,271.0,43.312,53.63,5.068,33.202,31.0,2,2633,245,68.87,8.1,31.13,1.94,29.04,90.48,57.97,32.7,65.93,64.19,50.42,False,0,0.5038234754504366,1943.225806451613
Maluku Utara,Halmahera Selatan,2022,30.67,58399.0,121.88,106.44,4.99,362100,0.24,55.856,57.62,5.842,33.202,31.0,2,2823,245,67.43,8.16,32.57,1.51,26.81,84.08,70.25,31.4,66.22,65.06,59.00333333333334,False,0,0.507534689684437,1883.8387096774193
Maluku Utara,Halmahera Selatan,2023,30.48,60838.665,393.42,103.37,5.68,400768,239.0,69.904,55.96,6.278,33.202,32.0,2,3247,245,73.24,8.17,26.76,2.44,26.5,87.44,74.79,31.4,66.5,65.83,67.58666666666667,False,0,0.5158165572382065,1901.20828125
Maluku Utara,Halmahera Selatan,2024,28.3,56004.72,186.91,103.42,5.63,449334,235.0,83.147,58.55,678.0,33.202,33.0,2,3480,245,74.86,8.42,25.725,2.0,25.62,87.44,74.79,31.4,66.71,66.66,76.17,False,0,0.5203676778514807,1697.1127272727274
Maluku Utara,Halmahera Selatan,2025,26.77,56004.72,271.0,106.05,4.81,512217,235.0,114.37,57.42,7.166,32.168,33.0,2,3650,245,75.31,8.43,24.69,2.55,24.06,87.44,74.79,31.4,66.71,69.05,87.89,False,0,0.5236882379555864,1697.1127272727274
Maluku Utara,Halmahera Tengah,2020,31.64,23006.0,692.6,96.52,13.56,466973,328.0,58.226,50.39,6.132,67.64733333333332,22.0,1,463,180,68.77,9.0,31.23,6.74,33.97,26.79,72.4,30.0,63.91,65.42,27.45,False,1,0.003298149754244589,1045.7272727272727
Maluku Utara,Halmahera Tengah,2021,27.03,37295.0,1502.82,102.43,13.52,491657,265.0,166.922,49.34,5.556,64.37066666666666,22.0,1,527,180,63.02,9.01,36.98,4.23,29.04,83.71,80.7,30.0,64.15,65.82,56.14,False,0,0.004548242969907903,1695.2272727272727
Maluku Utara,Halmahera Tengah,2022,25.51,39757.0,103.47,106.44,12.0,507555,286.0,359.993,48.53,5.782,60.20733333333333,22.0,1,565,180,70.81,9.02,29.19,3.06,26.81,67.59,81.93,32.2,64.61,66.49,68.44666666666667,False,0,0.005290485816707994,1807.1363636363637
Maluku Utara,Halmahera Tengah,2023,15.3,37997.848,665.28,103.37,11.44,552350,301.0,479.057,46.63,8.536,60.20733333333334,27.0,1,649,180,70.77,9.19,29.23,3.95,26.5,85.71,80.45,32.2,65.06,67.48,80.75333333333333,False,0,0.006931233162266088,1407.3277037037037
Maluku Utara,Halmahera Tengah,2024,19.43,35930.18,1312.52,103.42,10.71,593903,316.0,532.124,45.65,9.392,31.667333333333332,27.0,1,696,180,71.09,9.2,28.845,3.43,25.62,85.71,80.45,32.2,65.35,68.45,93.06,False,0,0.00784927036751883,1330.7474074074073
Maluku Utara,Halmahera Tengah,2025,19.03,35930.18,1362.0,106.05,9.16,647982,316.0,870.96,49.02,981.0,54.94133333333334,28.0,1,730,180,71.54,9.21,28.46,3.96,24.06,85.71,80.45,32.2,65.35,71.57,94.44,False,0,0.008513382388339968,1283.2207142857144
Maluku Utara,Halmahera Timur,2020,39.89,24231.0,25811.28,96.52,15.45,569464,296.0,38.744,52.54,5.187,72.367,15.0,1,926,210,66.18,8.26,33.82,5.21,33.97,18.53,70.86,28.3,68.88,66.75,46.81,False,1,0.011653168187345696,1615.4
Maluku Utara,Halmahera Timur,2021,33.37,23627.0,11590.5,102.43,15.04,600339,258.0,42.187,53.73,5.518,72.367,14.0,1,1053,210,64.8,8.27,35.2,6.78,29.04,65.51,70.1,28.3,69.08,67.0,60.78,False,0,0.014133821912177574,1687.642857142857
Maluku Utara,Halmahera Timur,2022,31.48,27504.0,15285.65,106.44,13.14,624983,247.0,44.192,54.02,5.893,72.367,14.0,1,1129,210,68.08,8.52,31.92,5.2,26.81,69.95,79.79,32.3,69.5,67.93,65.84,False,0,0.015618307605777756,1964.5714285714287
Maluku Utara,Halmahera Timur,2023,32.27,23929.156,18609.02,103.37,12.47,631233,0.3,54.984,52.06,6.395,66.427,15.0,1,1299,210,70.55,8.66,29.45,4.66,26.5,66.47,81.64,32.3,69.9,68.82,70.89999999999999,False,0,0.018938867709883424,1595.2770666666665
Maluku Utara,Halmahera Timur,2024,29.13,22611.449,17555.22,103.42,11.91,655936,295.0,55.568,51.63,8.045,49.093333333333334,15.0,1,1392,210,69.68,8.88,29.645,4.32,25.62,66.47,81.64,32.3,70.04,69.58,75.96,False,0,0.02075540941389417,1507.4299333333333
Maluku Utara,Halmahera Timur,2025,27.76,22611.449,11653.0,106.05,10.54,705734,295.0,83.278,52.98,835.0,47.59,15.0,1,1460,210,70.16,9.07,29.84,4.85,24.06,66.47,81.64,32.3,70.04,71.11,75.96,False,0,0.022083633455536444,1507.4299333333333
Maluku Utara,Halmahera Utara,2020,38.21,32021.0,8739.81,96.52,4.45,248544,283.0,28.864,51.11,4.851,51.33,51.0,1,3474,130,61.98,8.51,38.02,6.49,33.97,42.6,70.25,29.1,69.56,67.5,50.84,False,1,0.06396511851672827,627.8627450980392
Maluku Utara,Halmahera Utara,2021,29.93,38105.0,9073.06,102.43,5.22,263507,274.0,30.033,51.65,5.413,51.33,51.0,1,3950,130,64.39,8.62,35.61,8.01,29.04,87.09,68.99,29.1,69.61,67.82,53.23,False,0,0.07326268680822412,747.156862745098
Maluku Utara,Halmahera Utara,2022,28.38,40286.0,6893.28,106.44,4.58,301041,234.0,32.069,54.52,5.754,51.33,52.0,1,4235,130,66.88,8.63,33.12,6.06,26.81,84.85,64.93,26.1,69.88,68.38,63.26333333333333,False,0,0.0788295081592248,774.7307692307693
Maluku Utara,Halmahera Utara,2023,31.22,44442.335,4235.33,103.37,4.62,378968,248.0,32.904,52.05,615.0,51.33,60.0,1,4871,130,69.86,8.65,30.14,6.53,26.5,89.75,69.58,26.1,70.11,69.05,73.29666666666667,False,0,0.09125230948987896,740.7055833333333
Maluku Utara,Halmahera Utara,2024,29.24,20366.757,7631.91,103.42,4.71,425857,259.0,34.521,50.63,6.646,51.33,61.0,1,5220,130,70.83,8.67,29.42,6.2,25.62,89.75,69.58,26.1,70.35,69.78,83.33,False,0,0.09806922405654295,333.88126229508197
Maluku Utara,Halmahera Utara,2025,25.35,20366.757,4642.0,106.05,4.35,490223,259.0,37.306,49.3,7.118,70.663,62.0,1,5475,130,71.3,8.84,28.7,6.7,24.06,89.75,69.58,26.1,70.35,71.25,97.47,False,0,0.10305006421270145,328.4960806451613
Maluku,Kepulauan Aru,2020,40.42,91002.0,0.0,96.77,26.26,490565,316.0,34.361,51.21,4.389,14.38,12.54,1,1287,760,69.4,8.82,30.6,3.83,33.97,93.21,75.06,35.8,69.58,66.88,54.31,False,1,0.015714394410790748,7256.937799043063
Maluku,Kepulauan Aru,2021,31.1,121851.0,0.0,101.14,26.53,516604,322.0,35.36,52.25,5.094,14.38,12.62,1,1133,760,65.81,8.83,34.19,1.55,32.64,93.21,76.77,35.8,69.67,66.99,61.06,False,0,0.012706357610600905,9655.388272583203
Maluku,Kepulauan Aru,2022,33.74,78409.0,0.0,104.85,23.51,562416,245.0,38.309,53.58,5.013,14.38,12.74,1,978,760,63.03,8.87,36.97,2.1,33.54,92.1,76.47,28.1,69.99,67.36,71.8,False,0,0.009678788103916328,6154.552590266876
Maluku,Kepulauan Aru,2023,31.68,68829.444,0.0,104.41,24.21,626086,315.0,41.319,51.65,5.673,14.38,13.17,1,861,760,59.62,8.97,40.38,1.96,31.6,92.98,78.17,40.6,70.27,68.19,82.54,False,0,0.0073934614440318396,5226.229612756265
Maluku,Kepulauan Aru,2024,33.39,53075.792,0.0,102.34,23.39,644112,292.0,43.62,53.24,5.457,14.38,13.39,1,553,760,61.86,9.21,39.370000000000005,1.83,31.77,93.32,80.51,37.6,70.4,69.0,93.28,False,0,0.001377387843652154,3963.8380881254666
Maluku,Kepulauan Aru,2025,33.31,53075.792,0.0,98.79,23.1,673363,306.0,46.189,54.21,5.641,9.87,13.61,1,536,760,61.64,9.46,38.36,2.1,36.17,92.83,83.09,37.6,70.6,69.73,100.0,False,0,0.0010453318332415886,3899.764290962528
Maluku Utara,Kepulauan Sula,2020,43.47,31129.0,72.84,96.52,8.35,372561,297.0,24.156,53.92,444.0,8.349,32.0,1,1621,490,59.44,8.95,40.56,4.9,33.97,49.69,77.49,30.5,63.3,63.53,46.05,False,1,0.022867400319030062,972.78125
Maluku Utara,Kepulauan Sula,2021,42.17,25907.0,51.27,102.43,8.23,391912,244.0,24.678,52.9,4.045,8.349,32.0,1,1843,490,63.76,9.0,36.24,2.78,29.04,84.53,81.31,30.5,63.39,63.8,49.32,False,0,0.027203661160862168,809.59375
Maluku Utara,Kepulauan Sula,2022,42.37,28012.0,16.63,106.44,7.64,414512,282.0,26.88,53.3,455.0,8.349,32.0,1,1976,490,58.29,9.02,41.71,2.1,26.81,90.35,82.09,28.5,63.68,64.7,59.96333333333333,False,0,0.029801511124662484,875.375
Maluku Utara,Kepulauan Sula,2023,44.37,26218.327,13.38,103.37,8.17,453476,0.27,28.33,55.17,5.017,8.349,33.0,1,2273,490,62.38,9.04,37.62,2.67,26.5,85.36,82.58,18.8,63.94,65.29,70.60666666666667,False,0,0.035602724953600035,794.4947575757576
Maluku Utara,Kepulauan Sula,2024,35.11,24597.581,171.13,103.42,7.96,485242,261.0,30.966,50.9,4.993,8.349,33.0,1,2436,490,63.88,9.17,36.675,2.57,25.62,85.36,82.58,18.8,64.22,65.99,81.25,False,0,0.03878655611224253,745.3812424242424
Maluku Utara,Kepulauan Sula,2025,37.36,24597.581,77.0,106.05,7.65,529754,261.0,32.723,53.79,5.087,10.077,33.0,1,2555,490,64.27,9.2,35.73,3.11,24.06,85.36,82.58,18.8,64.22,68.89,61.25,False,0,0.04111094818511649,745.3812424242424
Maluku,Kepulauan Tanimbar (Maluku Tenggara Barat),2020,37.05,11616.0,174.64,96.77,27.11,479402,303.0,21.989,53.47,4.794,100.0,27.67,1,849,610,72.39,9.68,27.61,4.51,33.97,93.21,75.06,25.1,69.68,65.75,51.19,False,1,0.0074398068077236035,419.80484279002525
Maluku,Kepulauan Tanimbar (Maluku Tenggara Barat),2021,35.01,12192.0,400.47,101.14,27.27,506106,303.0,22.951,54.49,4.747,100.0,27.78,1,804,610,68.96,9.69,31.04,4.4,32.64,93.21,76.77,25.1,69.7,65.85,89.77,False,0,0.006560835015460339,438.8768898488121
Maluku,Kepulauan Tanimbar (Maluku Tenggara Barat),2022,35.03,13941.0,293.5,104.85,23.88,546300,277.0,24.851,54.47,4.987,100.0,27.94,1,759,610,66.57,9.77,33.43,4.33,33.54,92.1,76.47,31.5,69.96,66.33,92.80666666666666,False,0,0.0056818632231970725,498.96206156048675
Maluku,Kepulauan Tanimbar (Maluku Tenggara Barat),2023,34.05,14389.589,861.53,104.41,24.47,615768,295.0,26.366,50.33,4.758,100.0,28.81,1,697,610,62.0,9.91,38.0,4.31,31.6,92.98,78.17,25.1,70.19,67.04,95.84333333333333,False,0,0.004470835420523242,499.46508156889973
Maluku,Kepulauan Tanimbar (Maluku Tenggara Barat),2024,35.83,8766.052,834.99,102.34,23.66,645956,253.0,27.728,52.54,4.848,100.0,29.22,1,614,610,62.99,9.92,37.41,4.24,31.77,93.32,80.51,29.5,70.2,67.69,98.88,False,0,0.002849620781459887,300.00177960301164
Maluku,Kepulauan Tanimbar (Maluku Tenggara Barat),2025,35.76,8766.052,847.0,98.79,23.38,682859,251.0,29.053,53.74,5.341,100.0,29.63,1,585,610,63.18,9.93,36.82,4.21,36.17,92.83,83.09,29.5,70.53,68.47,97.75,False,0,0.0022831722931124492,295.8505568680391
Maluku,Kota Ambon,2020,22.19,5908.0,0.0,96.77,4.51,596042,266.0,42.377,43.48,6.785,50.72,1163.02,1,2819,0,60.54,11.92,39.46,12.84,33.97,93.21,75.06,21.8,72.12,81.69,100.0,False,1,0.04862858158188704,5.079878248009493
Maluku,Kota Ambon,2021,16.23,20097.0,0.0,101.14,5.02,621482,0.29,44.406,42.77,6.921,50.72,1164.21,1,3077,0,61.56,12.2,38.44,11.32,32.64,93.21,76.77,21.8,72.22,82.07,100.0,False,0,0.05366801985752977,17.262349576107404
Maluku,Kota Ambon,2022,24.13,25405.0,0.0,104.85,4.68,661016,295.0,48.359,44.88,7.268,50.72,1166.15,1,3335,0,62.27,12.21,37.73,11.67,33.54,92.1,76.47,21.1,72.54,82.44,100.0,False,0,0.05870745813317248,21.785362088925094
Maluku,Kota Ambon,2023,24.12,27796.213,0.0,104.41,5.25,716560,285.0,51.568,40.98,6.531,50.72,1201.65,1,3196,0,65.8,12.22,34.2,11.65,31.6,92.98,78.17,20.7,72.86,82.84,100.0,False,0,0.05599241193040373,23.13170473931677
Maluku,Kota Ambon,2024,27.62,3182.976,0.0,102.34,5.13,750166,263.0,54.699,43.59,7.702,50.72,1214.42,1,3367,0,66.54,12.24,33.99,11.44,31.77,93.32,80.51,19.7,73.14,83.37,100.0,False,0,0.05933250474100413,2.6209845028902685
Maluku,Kota Ambon,2025,24.78,3182.976,0.0,98.79,4.34,783697,281.0,57.375,42.29,8.285,53.92,1226.69,1,3700,0,66.22,12.37,33.78,11.37,36.17,92.83,83.09,19.7,73.56,83.97,100.0,False,0,0.0658368960037523,2.594768034303695
Maluku Utara,Kota Ternate,2020,21.78,47748.0,8603.76,96.52,3.46,595553,272.0,51.129,40.69,6.855,66.381,2138.0,2,8105,0,59.88,11.71,40.12,5.8,33.97,38.2,94.4,24.0,70.97,79.82,82.67,False,1,0.6112966951101895,22.333021515434986
Maluku Utara,Kota Ternate,2021,13.6,44278.0,0.0,102.43,3.55,629463,0.26,52.96,43.24,7.259,66.381,1848.0,2,9217,0,59.58,11.81,40.42,5.7,29.04,100.0,99.23,24.0,71.06,80.14,82.67,False,0,0.6330170647323394,23.95995670995671
Maluku Utara,Kota Ternate,2022,24.6,48234.0,0.17666666666666667,106.44,3.11,661459,305.0,58.568,43.77,6.688,66.381,1856.0,2,9882,0,58.9,12.06,41.1,5.77,26.81,99.52,95.56,17.7,71.38,80.81,83.32000000000001,False,0,0.646006314551341,25.98814655172414
Maluku Utara,Kota Ternate,2023,17.86,33998.934,6203.006666666667,103.37,3.39,668074,298.0,64.16,43.3,7.445,66.381,1307.0,2,11365,0,61.2,12.07,38.8,6.62,26.5,99.44,98.29,21.1,71.7,81.35,83.97,False,0,0.6749733182830393,26.012956388676358
Maluku Utara,Kota Ternate,2024,22.16,39877.731,0.0,103.42,3.14,701354,0.29,70.89,42.76,9.397,66.381,1322.0,2,12180,0,63.58,12.08,37.415,6.42,25.62,99.44,98.29,21.1,71.98,82.12,84.62,False,0,0.6908924740762518,30.164698184568834
Maluku Utara,Kota Ternate,2025,21.69,39877.731,0.0,106.05,3.34,753052,0.29,76.451,43.8,9.449,68.208,1336.0,2,12775,0,63.97,12.09,36.03,6.92,24.06,99.44,98.29,21.1,71.98,83.01,87.18,False,0,0.7025144344406216,29.848601047904193
Maluku Utara,Kota Tidore Kepulauan,2020,29.47,36947.0,106.87,96.52,6.52,448352,258.0,25.771,50.56,6.281,60.212,62.0,1,2779,12,67.06,9.73,32.94,4.95,33.97,52.05,88.15,25.1,69.34,70.53,64.44,False,1,0.11602111604444992,595.9193548387096
Maluku Utara,Kota Tidore Kepulauan,2021,21.58,35972.0,81.22666666666667,102.43,6.58,472651,249.0,26.144,50.13,6.377,60.212,71.0,1,3160,12,66.2,9.95,33.8,2.81,29.04,98.21,90.55,25.1,69.43,70.99,60.22,False,0,0.12346307721894557,506.6478873239437
Maluku Utara,Kota Tidore Kepulauan,2022,30.02,37670.0,55.583333333333336,106.44,5.99,484983,244.0,28.091,52.15,6.264,60.212,72.0,1,3388,12,65.35,9.96,34.65,2.85,26.81,97.71,88.76,23.7,69.75,71.55,65.24,False,0,0.1279165342997461,523.1944444444445
Maluku Utara,Kota Tidore Kepulauan,2023,26.77,33067.566,29.94,103.37,6.35,540752,257.0,29.199,47.8,7.238,60.212,70.0,1,3897,12,68.72,9.97,31.28,3.52,26.5,94.81,91.77,23.7,70.1,72.4,70.26,False,0,0.13785868190556838,472.3938
Maluku Utara,Kota Tidore Kepulauan,2024,29.05,33195.777,3.09,103.42,6.56,581193,265.0,32.017,51.62,7.511,60.212,71.0,1,4176,12,69.62,10.12,30.615000000000002,3.49,25.62,94.81,91.77,23.7,70.22,72.91,75.28,False,0,0.1433083070176006,467.5461549295775
Maluku Utara,Kota Tidore Kepulauan,2025,28.68,33195.777,81.0,106.05,6.54,643293,265.0,33.446,47.76,7.703,54.954,72.0,1,4380,12,70.05,10.18,29.95,4.02,24.06,94.81,91.77,23.7,70.22,74.63,70.79,False,0,0.14729297914252742,461.05245833333333
Maluku,Kota Tual,2020,28.96,21992.0,0.0,96.77,22.51,574105,259.0,28.458,48.32,4.685,100.0,347.03,1,2516,565,62.04,10.52,37.96,8.7,33.97,93.21,75.06,27.7,70.21,70.24,58.82,False,1,0.040114117433376596,63.372042762873534
Maluku,Kota Tual,2021,26.57,31643.0,0.0,101.14,23.26,600172,231.0,29.401,46.49,4.421,100.0,355.05,1,2413,565,60.61,10.53,39.39,8.71,32.64,93.21,76.77,27.7,70.41,70.44,72.22,False,0,0.038102248664418456,89.12265878045345
Maluku,Kota Tual,2022,35.29,31966.0,0.53,104.85,20.56,640542,256.0,32.185,50.2,5.117,100.0,366.15,1,2309,565,59.21,10.54,40.79,9.07,33.54,92.1,76.47,24.9,70.86,70.85,69.25666666666666,False,0,0.03607084718896558,87.30301788884337
Maluku,Kota Tual,2023,29.31,34237.745,0.43,104.41,20.68,722498,0.26,34.994,46.14,5.824,100.0,359.97,1,1813,565,55.48,10.66,44.52,8.98,31.6,92.98,78.17,32.0,71.32,71.67,66.29333333333334,False,0,0.02638262476757492,95.11277328666277
Maluku,Kota Tual,2024,27.91,30392.47,0.0,102.34,20.01,746967,209.0,36.846,51.77,6.465,100.0,364.57,1,1636,565,60.8,10.67,41.985,8.68,31.77,93.32,80.51,25.2,71.72,72.48,63.33,False,0,0.022925335718006076,83.36525221493815
Maluku,Kota Tual,2025,30.73,30392.47,0.0,98.79,19.39,777956,231.0,38.387,52.28,6.516,100.0,369.06,1,1455,565,60.55,10.68,39.45,8.96,36.17,92.83,83.09,25.2,72.05,72.88,93.33,False,0,0.019389915842458277,82.35102693328999
Maluku,Maluku Barat Daya,2020,36.29,3372.0,0.22,96.77,29.15,521899,272.0,20.419,51.98,4.852,32.9,17.88,3,1423,704,70.75,8.35,29.25,3.6,33.97,93.21,75.06,29.6,68.31,64.66,47.12,False,1,0.9372981109264603,188.59060402684565
Maluku,Maluku Barat Daya,2021,25.98,2508.0,0.57,101.14,29.55,535594,248.0,23.96,49.54,5.286,32.9,17.94,3,1484,704,76.66,8.59,23.34,1.8,32.64,93.21,76.77,29.6,67.48,65.14,66.98,False,0,0.9384896060226395,139.79933110367892
Maluku,Maluku Barat Daya,2022,27.22,1191.0,0.0,104.85,27.64,586021,175.0,26.874,54.86,5.258,32.9,18.02,3,1545,704,72.4,8.77,27.6,2.47,33.54,92.1,76.47,25.7,68.9,65.84,74.70333333333333,False,0,0.9396811011188185,66.09322974472808
Maluku,Maluku Barat Daya,2023,26.59,2457.653,0.0,104.41,28.78,658036,191.0,33.433,57.69,5.927,32.9,18.73,3,1447,704,67.99,8.92,32.01,2.43,31.6,92.98,78.17,29.9,69.3,66.71,82.42666666666668,False,0,0.9377668958823342,131.21478910838226
Maluku,Maluku Barat Daya,2024,30.33,1943.727,0.0,102.34,27.95,686428,177.0,36.666,58.71,6.644,32.9,19.03,3,1218,704,70.87,9.13,30.47,2.36,31.77,93.32,80.51,23.7,69.65,67.68,90.15,False,0,0.9332939060950389,102.1401471361009
Maluku,Maluku Barat Daya,2025,30.73,1943.727,0.0,98.79,27.65,719253,189.0,38.809,58.64,6.755,32.9,19.33,3,1248,704,71.07,9.39,28.93,2.69,36.17,92.83,83.09,23.7,70.11,68.66,93.94,False,0,0.933879887289881,100.55494050698398
Maluku,Maluku Tengah,2020,43.07,155337.0,50374.78,96.77,19.83,503800,303.0,20.642,52.91,4.919,66.58,53.19,3,2692,83,59.79,9.67,40.21,7.93,33.97,93.21,75.06,29.8,70.34,73.2,62.84,False,1,0.971306454159228,2920.4173716864075
Maluku,Maluku Tengah,2021,35.1,187897.0,39819.3,101.14,19.84,515582,269.0,21.35,53.71,5.015,66.58,53.4,3,3206,83,62.59,9.68,37.41,8.07,32.64,93.21,76.77,29.8,70.36,73.27,76.72,False,0,0.981346265297524,3518.6704119850187
Maluku,Maluku Tengah,2022,36.9,157819.0,33435.21,104.85,17.46,542782,277.0,23.154,54.79,608.0,66.58,53.69,3,3719,83,65.87,9.76,34.13,6.76,33.54,92.1,76.47,27.0,70.58,73.73,81.76,False,0,0.9913665437293253,2939.448686906314
Maluku,Maluku Tengah,2023,34.62,152760.205,27777.99,104.41,17.84,589125,261.0,24.68,52.41,6.172,66.58,54.83,3,3950,83,63.26,9.78,36.74,6.75,31.6,92.98,78.17,29.4,70.83,74.34,86.8,False,0,0.99587859892961,2786.0697610797006
Maluku,Maluku Tengah,2024,34.3,116032.338,35730.15,102.34,17.67,614323,255.0,25.983,53.53,629.0,66.58,55.43,3,4161,83,66.05,9.79,35.260000000000005,6.5,31.77,93.32,80.51,27.0,71.01,75.1,91.84,False,0,1.0,2093.3129713151725
Maluku,Maluku Tengah,2025,30.26,116032.338,49520.0,98.79,16.71,643104,255.0,27.364,51.79,7.116,69.74,56.03,3,3665,83,66.22,10.06,33.78,6.93,36.17,92.83,83.09,27.0,71.28,75.87,92.35,False,0,0.9903117775786093,2070.8966268070676
Maluku,Maluku Tenggara,2020,36.42,94908.0,8.33,96.77,22.57,517821,245.0,26.927,48.88,4.535,78.25,117.76,1,1041,555,65.24,9.73,34.76,4.95,33.97,93.21,75.06,21.6,70.08,68.57,47.13,False,1,0.01133104551513488,805.9442934782609
Maluku,Maluku Tenggara,2021,32.05,96332.0,8.28,101.14,22.73,549047,239.0,28.022,50.18,4.659,78.25,118.86,1,1211,555,64.58,9.76,35.42,5.06,32.64,93.21,76.77,21.6,70.14,68.69,50.55,False,0,0.01465160561924055,810.4660945650345
Maluku,Maluku Tenggara,2022,28.78,97101.0,0.0,104.85,21.19,595041,265.0,30.598,50.66,5.175,78.25,120.37,1,1381,555,62.08,9.78,37.92,5.74,33.54,92.1,76.47,26.8,70.43,69.23,58.053333333333335,False,0,0.01797216572334622,806.6877128852703
Maluku,Maluku Tenggara,2023,31.66,97538.315,0.0,104.41,21.79,669140,244.0,32.893,50.73,549.0,78.25,121.12,1,854,555,61.37,9.79,38.63,5.73,31.6,92.98,78.17,34.0,70.71,69.91,65.55666666666667,False,0,0.00767842940061865,805.3031291281374
Maluku,Maluku Tenggara,2024,30.97,80591.653,0.0,102.34,21.22,695738,248.0,34.92,55.12,606.0,78.25,122.35,1,977,555,67.58,9.84,35.84,5.68,31.77,93.32,80.51,28.1,70.93,70.58,73.06,False,0,0.01008095229947157,658.6976134041685
Maluku,Maluku Tenggara,2025,30.99,80591.653,0.0,98.79,21.16,728291,0.26,36.623,50.7,5.602,81.89,123.57,1,921,555,66.95,9.85,33.05,6.01,36.17,92.83,83.09,28.1,71.24,71.16,64.25,False,0,0.008987120735766175,652.1943271020475
Maluku Utara,Pulau Morotai,2020,38.76,20361.0,4765.76,96.52,6.46,276746,254.0,21.26,51.52,4.547,50.55833333333334,28.0,1,1158,200,63.54,7.39,36.46,4.7,33.97,33.0,62.45,35.2,67.18,62.5,71.59,False,1,0.016391343496314142,727.1785714285714
Maluku Utara,Pulau Morotai,2021,28.87,42843.0,3513.7,102.43,6.52,291879,294.0,21.716,50.91,5.449,50.55833333333334,31.0,1,1317,200,67.71,7.4,32.29,6.27,29.04,78.95,71.5,35.2,67.35,62.9,78.41,False,0,0.01949704382897768,1382.032258064516
Maluku Utara,Pulau Morotai,2022,26.8,22309.0,1838.94,106.44,5.42,301712,266.0,22.893,55.09,5.879,50.55833333333334,32.0,1,1412,200,65.93,7.42,34.07,4.35,26.81,90.35,68.56,31.2,67.74,63.8,80.68333333333334,False,0,0.021352650945977904,697.15625
Maluku Utara,Pulau Morotai,2023,30.64,43050.305,2341.77,103.37,5.38,379931,301.0,23.752,56.51,7.117,50.55833333333334,34.0,1,1624,200,64.72,7.55,35.28,4.56,26.5,90.52,68.52,31.2,68.1,64.73,82.95666666666666,False,0,0.025493584722862624,1266.1854411764707
Maluku Utara,Pulau Morotai,2024,30.13,41109.428,3908.91,103.42,5.11,428136,312.0,25.434,58.3,6.435,50.55833333333334,34.0,1,1740,200,66.91,7.73,33.975,4.21,25.62,90.52,68.52,31.2,68.39,65.68,85.23,False,0,0.027759378676252375,1209.1008235294119
Maluku Utara,Pulau Morotai,2025,30.71,41109.428,4406.0,106.05,4.49,494261,312.0,27.112,54.0,6.237,57.46599999999999,35.0,1,1825,200,67.33,7.91,32.67,4.74,24.06,90.52,68.52,31.2,68.39,67.86,84.09,False,0,0.029419658728305202,1174.5550857142857
Maluku Utara,Pulau Taliabu,2020,44.39,24994.0,4682.62,96.52,7.3,401710,248.0,25.592,55.81,4.582,26.716333333333335,36.0,1,463,570,72.65,7.66,27.35,4.75,33.97,39.32,61.94,33.7,62.1,60.48,73.13,False,1,0.0,694.2777777777778
Maluku Utara,Pulau Taliabu,2021,49.84,22025.0,5351.216666666667,102.43,7.49,425241,247.0,29.215,53.82,3.893,26.716333333333335,40.0,1,527,570,69.23,7.67,30.77,6.1,29.04,68.36,65.37,33.7,62.22,60.73,81.25,False,0,0.0012500932156633126,550.625
Maluku Utara,Pulau Taliabu,2022,38.62,23344.0,3385.8544444444447,106.44,6.88,448735,238.0,31.47,59.42,5.041,32.54366666666667,41.0,1,565,570,61.56,7.94,38.44,4.17,26.81,80.4,62.65,23.9,62.53,61.64,84.21333333333334,False,0,0.0019923360624634033,569.3658536585366
Maluku Utara,Pulau Taliabu,2023,39.21,22530.49,4196.7266666666665,103.37,7.31,491203,0.25,32.049,56.73,6.376,26.716333333333335,20.0,1,649,570,63.11,7.97,36.89,3.15,26.5,84.96,65.91,23.9,62.79,62.31,87.17666666666666,False,0,0.0036330834080214956,1126.5245
Maluku Utara,Pulau Taliabu,2024,32.64,21146.674,3595.81,103.42,7.13,525953,261.0,34.281,58.48,6.234,26.716333333333335,21.0,1,696,570,65.6,7.99,35.445,2.86,25.62,84.96,65.91,23.9,63.05,62.9,90.14,False,0,0.004551120613274241,1006.9844761904761
Maluku Utara,Pulau Taliabu,2025,34.19,21146.674,1340.6666666666667,106.05,6.63,574242,261.0,36.586,57.29,0.63,40.791333333333334,21.0,1,730,570,66.0,8.15,34.0,3.4,24.06,84.96,65.91,23.9,63.05,65.61,49.3,False,0,0.005215232634095375,1006.9844761904761
Maluku,Seram Bagian Barat,2020,43.3,30309.0,3075.66,96.77,25.11,419793,296.0,14.324,56.29,4.599,42.73,41.51,1,110,65,71.86,8.87,28.14,5.47,33.97,93.21,75.06,28.7,69.93,69.68,48.84,False,1,0.004931456092991502,730.1614068899061
Maluku,Seram Bagian Barat,2021,39.2,31903.0,4637.86,101.14,25.27,427355,267.0,14.742,51.71,4.455,42.73,41.97,1,81,65,72.2,8.92,27.8,5.65,32.64,93.21,76.77,28.7,70.1,69.9,65.12,False,0,0.004365007604644066,760.1381939480582
Maluku,Seram Bagian Barat,2022,37.77,67631.0,3335.63,104.85,22.25,449297,284.0,15.995,55.87,5.305,42.73,42.6,1,52,65,68.13,9.24,31.87,5.45,33.54,92.1,76.47,27.5,70.51,70.76,72.4,False,0,0.0037985591162966285,1587.5821596244132
Maluku,Seram Bagian Barat,2023,32.7,67732.48,4282.54,104.41,22.39,486747,241.0,17.031,53.18,566.0,42.73,43.47,1,42,65,62.72,9.35,37.28,4.74,31.6,92.98,78.17,31.4,70.88,71.68,79.67999999999999,False,0,0.0036032320513492352,1558.1430871865655
Maluku,Seram Bagian Barat,2024,32.71,57765.059,2929.25,102.34,22.31,508517,252.0,18.037,53.83,5.551,42.73,44.18,1,33,65,69.71,9.59,33.26,4.52,31.77,93.32,80.51,33.8,71.18,72.54,86.96,False,0,0.0034274376928965823,1307.4934133091897
Maluku,Seram Bagian Barat,2025,32.94,57765.059,3795.0,98.79,21.85,554140,235.0,18.857,55.27,5.636,42.73,44.88,1,35,65,70.76,9.6,29.24,4.92,36.17,92.83,83.09,33.8,71.58,72.91,86.96,False,0,0.0034665031058860613,1287.100245098039
Maluku,Seram Bagian Timur,2020,38.31,14160.0,10899.36,96.77,23.04,398430,277.0,21.25,57.86,5.457,29.07,23.87,1,656,333,68.12,8.43,31.88,3.61,33.97,93.21,75.06,41.9,67.23,68.11,27.98,False,1,0.0048531962644423506,593.2132383745287
Maluku,Seram Bagian Timur,2021,35.93,19857.0,11364.52,101.14,23.25,403573,266.0,22.669,53.52,4.461,29.07,24.27,1,707,333,69.07,8.46,30.93,3.88,32.64,93.21,76.77,41.9,67.45,68.29,69.27,False,0,0.005849364295674054,818.1705809641533
Maluku,Seram Bagian Timur,2022,30.54,20033.0,10085.35,104.85,20.73,421902,242.0,25.53,56.2,5.241,29.07,24.82,1,757,333,65.38,8.71,34.62,3.38,33.54,92.1,76.47,24.1,67.91,69.05,78.50333333333333,False,0,0.0068259996204110135,807.1313456889606
Maluku,Seram Bagian Timur,2023,31.79,21561.343,8294.26,104.41,21.08,458176,244.0,24.233,54.42,588.0,29.07,25.06,1,690,333,56.71,8.82,43.29,3.31,31.6,92.98,78.17,27.5,68.33,69.84,87.73666666666666,False,0,0.005517308285263485,860.3887869114127
Maluku,Seram Bagian Timur,2024,33.34,21740.41,7687.05,102.34,21.03,478721,201.0,25.034,56.21,5.548,29.07,25.46,1,634,333,61.01,9.0,40.7,3.24,31.77,93.32,80.51,35.0,68.73,70.28,96.97,False,0,0.00442347672155809,853.9045561665357
Maluku,Seram Bagian Timur,2025,33.63,21740.41,3239.0,98.79,20.9,524878,241.0,25.244,53.75,5.481,79.97,25.86,1,640,333,61.89,9.25,38.11,3.18,36.17,92.83,83.09,35.0,69.19,71.1,97.47,False,0,0.0045406729605265254,840.6964423820573
