Provinsi,Kab/Kota,Tahun,Y_PoU (Persen),X1_Produksi_Perikanan_Tangkap_Laut (Ton),X2_Produksi_Padi (Ton),X4_NTP (Indeks),X5_Persentase_Penduduk_Miskin (Persen),X6_Garis_Kemiskinan (Rp/Kapita/Bulan),X7_Gini_Rasio (Indeks),X8_PDRB_per_Kapita_ADHB (Juta Rp),X9_Pangsa_Pengeluaran_Pangan (Persen),X10_Rata_Rata_Pengeluaran_Pangan (Juta Rp/Kapita/Bulan),X11_Persentase_Jalan_Kondisi_Mantap (Persen),X12_Kepadatan_Penduduk (Jiwa/Km²),X13_Jumlah_Pelabuhan_Utama (Unit),X13_Kunjungan_Kapal_Tahunan (Unit),X13_Jarak_ke_Pelabuhan_Induk (Km),X14_TPAK (Persen),X15_Rata_Rata_Lama_Sekolah (Tahun),X16_Rasio_Non_Angkatan_Kerja (Persen),X17_TPT (Persen),X18_Tenaga_Kerja_Pertanian_Kehutanan_Perikanan (Persen),X19_RT_Akses_Air_Minum_Layak (Persen),X20_RT_Akses_Sanitasi_Layak (Persen),X21_Prevalensi_Balita_Stunting (Persen),X22_UHH_Saat_Lahir (Tahun),X23_IPM (Indeks),X24_Persen_Desa_Sinyal_4G5G (Persen)
Maluku,Kepulauan Tanimbar (Maluku Tenggara Barat),2020,37.05,11616,174.64,96.77,27.11,479402,0.303,21.989,53.47,0.4794,,27.67,1,849,610,72.39,9.68,27.61,4.51,33.97,,75.06,,69.68,65.75,51.19
Maluku,Maluku Tenggara,2020,36.42,94908,8.33,96.77,22.57,517821,0.245,26.927,48.88,0.4535,,117.76,1,1041,555,65.24,9.73,34.76,4.95,33.97,,75.06,,70.08,68.57,47.13
Maluku,Maluku Tengah,2020,43.07,155337,50374.78,96.77,19.83,503800,0.303,20.642,52.91,0.4919,,53.19,3,2692,83,59.79,9.67,40.21,7.93,33.97,,75.06,,70.34,73.2,62.84
Maluku,Buru,2020,39.15,8277,45914.31,96.77,16.64,492055,0.294,17.988,47.91,0.4804,,27.42,1,500,176,71.69,8.52,28.31,6.28,33.97,,75.06,,69.7,70.55,68.42
Maluku,Kepulauan Aru,2020,40.42,91002,0,96.77,26.26,490565,0.316,34.361,51.21,0.4389,,12.54,1,1287,760,69.4,8.82,30.6,3.83,33.97,,75.06,,69.58,66.88,54.31
Maluku,Seram Bagian Barat,2020,43.3,30309,3075.66,96.77,25.11,419793,0.296,14.324,56.29,0.4599,,41.51,1,110,65,71.86,8.87,28.14,5.47,33.97,,75.06,,69.93,69.68,48.84
Maluku,Seram Bagian Timur,2020,38.31,14160,10899.36,96.77,23.04,398430,0.277,21.25,57.86,0.5457,,23.87,1,656,333,68.12,8.43,31.88,3.61,33.97,,75.06,,67.23,68.11,27.98
Maluku,Maluku Barat Daya,2020,36.29,3372,0.22,96.77,29.15,521899,0.272,20.419,51.98,0.4852,,17.88,3,1423,704,70.75,8.35,29.25,3.6,33.97,,75.06,,68.31,64.66,47.12
Maluku,Buru Selatan,2020,47.8,8697,0,96.77,15.75,628659,0.258,18.931,58.74,0.4194,,19.95,1,359,204,73.99,7.94,26.01,2.31,33.97,,75.06,,69.45,66.14,38.81
Maluku,Kota Ambon,2020,22.19,5908,0,96.77,4.51,596042,0.266,42.377,43.48,0.6785,,1163.02,1,2819,0,60.54,11.92,39.46,12.84,33.97,,75.06,,72.12,81.69,100
Maluku,Kota Tual,2020,28.96,21992,0,96.77,22.51,574105,0.259,28.458,48.32,0.4685,,347.03,1,2516,565,62.04,10.52,37.96,8.7,33.97,,75.06,,70.21,70.24,58.82
Maluku Utara,Halmahera Barat,2020,39.54,25675,1649.52,96.52,8.82,339283,0.239,17.279,51.67,0.5213,,71,1,1853,36,64.66,8.35,35.34,3.26,33.97,55.53,80.34,,66.25,65.31,39.16
Maluku Utara,Halmahera Tengah,2020,31.64,23006,692.6,96.52,13.56,466973,0.328,58.226,50.39,0.6132,,22,1,463,180,68.77,9,31.23,6.74,33.97,26.79,72.4,,63.91,65.42,27.45
Maluku Utara,Kepulauan Sula,2020,43.47,31129,72.84,96.52,8.35,372561,0.297,24.156,53.92,0.444,,32,1,1621,490,59.44,8.95,40.56,4.9,33.97,49.69,77.49,,63.3,63.53,46.05
Maluku Utara,Halmahera Selatan,2020,39.1,53812,1544.17,96.52,5.21,324767,0.256,35.197,55.61,0.4764,,29,2,2316,245,68.25,7.93,31.75,4.4,33.97,52.05,61.19,,65.86,63.84,36.75
Maluku Utara,Halmahera Utara,2020,38.21,32021,8739.81,96.52,4.45,248544,0.283,28.864,51.11,0.4851,,51,1,3474,130,61.98,8.51,38.02,6.49,33.97,42.6,70.25,,69.56,67.5,50.84
Maluku Utara,Halmahera Timur,2020,39.89,24231,25811.28,96.52,15.45,569464,0.296,38.744,52.54,0.5187,,15,1,926,210,66.18,8.26,33.82,5.21,33.97,18.53,70.86,,68.88,66.75,46.81
Maluku Utara,Pulau Morotai,2020,38.76,20361,4765.76,96.52,6.46,276746,0.254,21.26,51.52,0.4547,,28,1,1158,200,63.54,7.39,36.46,4.7,33.97,33,62.45,,67.18,62.5,71.59
Maluku Utara,Pulau Taliabu,2020,44.39,24994,,96.52,7.3,401710,0.248,25.592,55.81,0.4582,,36,1,463,570,72.65,7.66,27.35,4.75,33.97,39.32,61.94,,62.1,60.48,73.13
Maluku Utara,Kota Ternate,2020,21.78,47748,,96.52,3.46,595553,0.272,51.129,40.69,0.6855,,2138,2,8105,0,59.88,11.71,40.12,5.8,33.97,38.2,94.4,,70.97,79.82,82.67
Maluku Utara,Kota Tidore Kepulauan,2020,29.47,36947,106.87,96.52,6.52,448352,0.258,25.771,50.56,0.6281,,62,1,2779,12,67.06,9.73,32.94,4.95,33.97,52.05,88.15,,69.34,70.53,64.44
Maluku,Kepulauan Tanimbar (Maluku Tenggara Barat),2021,35.01,12192,400.47,101.14,27.27,506106,0.303,22.951,54.49,0.4747,,27.78,1,804,610,68.96,9.69,31.04,4.4,32.64,93.21,76.77,25.1,69.7,65.85,89.77
Maluku,Maluku Tenggara,2021,32.05,96332,8.28,101.14,22.73,549047,0.239,28.022,50.18,0.4659,,118.86,1,1211,555,64.58,9.76,35.42,5.06,32.64,93.21,76.77,21.6,70.14,68.69,50.55
Maluku,Maluku Tengah,2021,35.1,187897,39819.3,101.14,19.84,515582,0.269,21.35,53.71,0.5015,,53.4,3,3206,83,62.59,9.68,37.41,8.07,32.64,93.21,76.77,29.8,70.36,73.27,76.72
Maluku,Buru,2021,30.87,11090,60572.67,101.14,17.28,503254,0.289,18.474,46.07,0.5166,,27.65,1,477,176,70.82,8.79,29.18,4.85,32.64,93.21,76.77,31.7,69.73,70.93,77.92
Maluku,Kepulauan Aru,2021,31.1,121851,0,101.14,26.53,516604,0.322,35.36,52.25,0.5094,,12.62,1,1133,760,65.81,8.83,34.19,1.55,32.64,93.21,76.77,35.8,69.67,66.99,61.06
Maluku,Seram Bagian Barat,2021,39.2,31903,4637.86,101.14,25.27,427355,0.267,14.742,51.71,0.4455,,41.97,1,81,65,72.2,8.92,27.8,5.65,32.64,93.21,76.77,28.7,70.1,69.9,65.12
Maluku,Seram Bagian Timur,2021,35.93,19857,11364.52,101.14,23.25,403573,0.266,22.669,53.52,0.4461,,24.27,1,707,333,69.07,8.46,30.93,3.88,32.64,93.21,76.77,41.9,67.45,68.29,69.27
Maluku,Maluku Barat Daya,2021,25.98,2508,0.57,101.14,29.55,535594,0.248,23.96,49.54,0.5286,,17.94,3,1484,704,76.66,8.59,23.34,1.8,32.64,93.21,76.77,29.6,67.48,65.14,66.98
Maluku,Buru Selatan,2021,40.88,12093,0,101.14,15.89,644441,0.274,19.431,56.15,0.4223,,20.29,1,440,204,75.39,7.95,24.61,1.63,32.64,93.21,76.77,39.1,69.54,66.25,60.29
Maluku,Kota Ambon,2021,16.23,20097,0,101.14,5.02,621482,0.29,44.406,42.77,0.6921,,1164.21,1,3077,0,61.56,12.2,38.44,11.32,32.64,93.21,76.77,21.8,72.22,82.07,100
Maluku,Kota Tual,2021,26.57,31643,0,101.14,23.26,600172,0.231,29.401,46.49,0.4421,,355.05,1,2413,565,60.61,10.53,39.39,8.71,32.64,93.21,76.77,27.7,70.41,70.44,72.22
Maluku Utara,Halmahera Barat,2021,34.62,31209,1433.85,102.43,8.95,358707,0.275,17.556,48.21,0.4925,,79,1,2107,36,64.88,8.37,35.12,3.26,29.04,94.73,73.32,27.7,66.34,65.56,57.41
Maluku Utara,Halmahera Tengah,2021,27.03,37295,1502.82,102.43,13.52,491657,0.265,166.922,49.34,0.5556,,22,1,527,180,63.02,9.01,36.98,4.23,29.04,83.71,80.7,30,64.15,65.82,56.14
Maluku Utara,Kepulauan Sula,2021,42.17,25907,51.27,102.43,8.23,391912,0.244,24.678,52.9,0.4045,,32,1,1843,490,63.76,9,36.24,2.78,29.04,84.53,81.31,30.5,63.39,63.8,49.32
Maluku Utara,Halmahera Selatan,2021,30.8,60240,885.6,102.43,5.19,343323,0.271,43.312,53.63,0.5068,,31,2,2633,245,68.87,8.1,31.13,1.94,29.04,90.48,57.97,32.7,65.93,64.19,50.42
Maluku Utara,Halmahera Utara,2021,29.93,38105,9073.06,102.43,5.22,263507,0.274,30.033,51.65,0.5413,,51,1,3950,130,64.39,8.62,35.61,8.01,29.04,87.09,68.99,29.1,69.61,67.82,53.23
Maluku Utara,Halmahera Timur,2021,33.37,23627,11590.5,102.43,15.04,600339,0.258,42.187,53.73,0.5518,,14,1,1053,210,64.8,8.27,35.2,6.78,29.04,65.51,70.1,28.3,69.08,67,60.78
Maluku Utara,Pulau Morotai,2021,28.87,42843,3513.7,102.43,6.52,291879,0.294,21.716,50.91,0.5449,,31,1,1317,200,67.71,7.4,32.29,6.27,29.04,78.95,71.5,35.2,67.35,62.9,78.41
Maluku Utara,Pulau Taliabu,2021,49.84,22025,,102.43,7.49,425241,0.247,29.215,53.82,0.3893,,40,1,527,570,69.23,7.67,30.77,6.1,29.04,68.36,65.37,33.7,62.22,60.73,81.25
Maluku Utara,Kota Ternate,2021,13.6,44278,,102.43,3.55,629463,0.26,52.96,43.24,0.7259,,1848,2,9217,0,59.58,11.81,40.42,5.7,29.04,100,99.23,24,71.06,80.14,82.67
Maluku Utara,Kota Tidore Kepulauan,2021,21.58,35972,,102.43,6.58,472651,0.249,26.144,50.13,0.6377,,71,1,3160,12,66.2,9.95,33.8,2.81,29.04,98.21,90.55,25.1,69.43,70.99,60.22
Maluku,Kepulauan Tanimbar (Maluku Tenggara Barat),2022,35.03,13941,293.5,104.85,23.88,546300,0.277,24.851,54.47,0.4987,,27.94,1,759,610,66.57,9.77,33.43,4.33,33.54,92.1,76.47,31.5,69.96,66.33,
Maluku,Maluku Tenggara,2022,28.78,97101,0,104.85,21.19,595041,0.265,30.598,50.66,0.5175,,120.37,1,1381,555,62.08,9.78,37.92,5.74,33.54,92.1,76.47,26.8,70.43,69.23,
Maluku,Maluku Tengah,2022,36.9,157819,33435.21,104.85,17.46,542782,0.277,23.154,54.79,0.608,,53.69,3,3719,83,65.87,9.76,34.13,6.76,33.54,92.1,76.47,27,70.58,73.73,
Maluku,Buru,2022,34.38,12287,45450.84,104.85,15.82,530858,0.272,19.985,48.49,0.5298,,27.98,1,454,176,72.04,8.99,27.96,4.99,33.54,92.1,76.47,23.3,69.95,71.52,
Maluku,Kepulauan Aru,2022,33.74,78409,0,104.85,23.51,562416,0.245,38.309,53.58,0.5013,,12.74,1,978,760,63.03,8.87,36.97,2.1,33.54,92.1,76.47,28.1,69.99,67.36,
Maluku,Seram Bagian Barat,2022,37.77,67631,3335.63,104.85,22.25,449297,0.284,15.995,55.87,0.5305,,42.6,1,52,65,68.13,9.24,31.87,5.45,33.54,92.1,76.47,27.5,70.51,70.76,
Maluku,Seram Bagian Timur,2022,30.54,20033,10085.35,104.85,20.73,421902,0.242,25.53,56.2,0.5241,,24.82,1,757,333,65.38,8.71,34.62,3.38,33.54,92.1,76.47,24.1,67.91,69.05,
Maluku,Maluku Barat Daya,2022,27.22,1191,0,104.85,27.64,586021,0.175,26.874,54.86,0.5258,,18.02,3,1545,704,72.4,8.77,27.6,2.47,33.54,92.1,76.47,25.7,68.9,65.84,
Maluku,Buru Selatan,2022,29.96,12832,0,104.85,14.75,677044,0.24,20.917,54.76,0.4331,,20.77,1,521,204,74.82,8.06,25.18,0.98,33.54,92.1,76.47,41.6,69.85,66.81,
Maluku,Kota Ambon,2022,24.13,25405,0,104.85,4.68,661016,0.295,48.359,44.88,0.7268,,1166.15,1,3335,0,62.27,12.21,37.73,11.67,33.54,92.1,76.47,21.1,72.54,82.44,
Maluku,Kota Tual,2022,35.29,31966,0.53,104.85,20.56,640542,0.256,32.185,50.2,0.5117,,366.15,1,2309,565,59.21,10.54,40.79,9.07,33.54,92.1,76.47,24.9,70.86,70.85,
Maluku Utara,Halmahera Barat,2022,38,31467,226.18,106.44,8.43,379108,0.246,18.828,54.18,0.5457,,81,1,2259,36,70.21,8.57,29.79,3.45,26.81,93.92,67.77,24.9,66.64,66.2,
Maluku Utara,Halmahera Tengah,2022,25.51,39757,103.47,106.44,12,507555,0.286,359.993,48.53,0.5782,,22,1,565,180,70.81,9.02,29.19,3.06,26.81,67.59,81.93,32.2,64.61,66.49,
Maluku Utara,Kepulauan Sula,2022,42.37,28012,16.63,106.44,7.64,414512,0.282,26.88,53.3,0.455,,32,1,1976,490,58.29,9.02,41.71,2.1,26.81,90.35,82.09,28.5,63.68,64.7,
Maluku Utara,Halmahera Selatan,2022,30.67,58399,121.88,106.44,4.99,362100,0.24,55.856,57.62,0.5842,,31,2,2823,245,67.43,8.16,32.57,1.51,26.81,84.08,70.25,31.4,66.22,65.06,
Maluku Utara,Halmahera Utara,2022,28.38,40286,6893.28,106.44,4.58,301041,0.234,32.069,54.52,0.5754,,52,1,4235,130,66.88,8.63,33.12,6.06,26.81,84.85,64.93,26.1,69.88,68.38,
Maluku Utara,Halmahera Timur,2022,31.48,27504,15285.65,106.44,13.14,624983,0.247,44.192,54.02,0.5893,,14,1,1129,210,68.08,8.52,31.92,5.2,26.81,69.95,79.79,32.3,69.5,67.93,
Maluku Utara,Pulau Morotai,2022,26.8,22309,1838.94,106.44,5.42,301712,0.266,22.893,55.09,0.5879,,32,1,1412,200,65.93,7.42,34.07,4.35,26.81,90.35,68.56,31.2,67.74,63.8,
Maluku Utara,Pulau Taliabu,2022,38.62,23344,,106.44,6.88,448735,0.238,31.47,59.42,0.5041,,41,1,565,570,61.56,7.94,38.44,4.17,26.81,80.4,62.65,23.9,62.53,61.64,
Maluku Utara,Kota Ternate,2022,24.6,48234,,106.44,3.11,661459,0.305,58.568,43.77,0.6688,,1856,2,9882,0,58.9,12.06,41.1,5.77,26.81,99.52,95.56,17.7,71.38,80.81,
Maluku Utara,Kota Tidore Kepulauan,2022,30.02,37670,,106.44,5.99,484983,0.244,28.091,52.15,0.6264,,72,1,3388,12,65.35,9.96,34.65,2.85,26.81,97.71,88.76,23.7,69.75,71.55,
Maluku,Kepulauan Tanimbar (Maluku Tenggara Barat),2023,34.05,14389.589,861.53,104.41,24.47,615768,0.295,26.366,50.33,0.4758,100,28.81,1,697,610,62,9.91,38,4.31,31.6,92.98,78.17,25.1,70.19,67.04,
Maluku,Maluku Tenggara,2023,31.66,97538.315,0,104.41,21.79,669140,0.244,32.893,50.73,0.549,78.25,121.12,1,854,555,61.37,9.79,38.63,5.73,31.6,92.98,78.17,34,70.71,69.91,
Maluku,Maluku Tengah,2023,34.62,152760.205,27777.99,104.41,17.84,589125,0.261,24.68,52.41,0.6172,66.58,54.83,3,3950,83,63.26,9.78,36.74,6.75,31.6,92.98,78.17,29.4,70.83,74.34,
Maluku,Buru,2023,28.23,12789.667,38741.59,104.41,16.53,584277,0.303,21.201,49.49,0.5964,20.41,28.48,1,705,176,73.72,9.01,26.28,4.86,31.6,92.98,78.17,20.3,70.19,72.11,
Maluku,Kepulauan Aru,2023,31.68,68829.444,0,104.41,24.21,626086,0.315,41.319,51.65,0.5673,14.38,13.17,1,861,760,59.62,8.97,40.38,1.96,31.6,92.98,78.17,40.6,70.27,68.19,
Maluku,Seram Bagian Barat,2023,32.7,67732.48,4282.54,104.41,22.39,486747,0.241,17.031,53.18,0.566,42.73,43.47,1,42,65,62.72,9.35,37.28,4.74,31.6,92.98,78.17,31.4,70.88,71.68,
Maluku,Seram Bagian Timur,2023,31.79,21561.343,8294.26,104.41,21.08,458176,0.244,24.233,54.42,0.588,29.07,25.06,1,690,333,56.71,8.82,43.29,3.31,31.6,92.98,78.17,27.5,68.33,69.84,
Maluku,Maluku Barat Daya,2023,26.59,2457.653,0,104.41,28.78,658036,0.191,33.433,57.69,0.5927,32.9,18.73,3,1447,704,67.99,8.92,32.01,2.43,31.6,92.98,78.17,29.9,69.3,66.71,
Maluku,Buru Selatan,2023,38.87,12956.076,0,104.41,15.28,743721,0.276,22.229,52.11,0.4555,60.72,21.02,1,447,204,68.72,8.23,31.28,0.97,31.6,92.98,78.17,35.5,70.11,67.68,
Maluku,Kota Ambon,2023,24.12,27796.213,0,104.41,5.25,716560,0.285,51.568,40.98,0.6531,50.72,1201.65,1,3196,0,65.8,12.22,34.2,11.65,31.6,92.98,78.17,20.7,72.86,82.84,
Maluku,Kota Tual,2023,29.31,34237.745,0.43,104.41,20.68,722498,0.26,34.994,46.14,0.5824,100,359.97,1,1813,565,55.48,10.66,44.52,8.98,31.6,92.98,78.17,32,71.32,71.67,
Maluku Utara,Halmahera Barat,2023,37.41,28576.671,375.09,103.37,8.74,414870,0.26,19.677,49.91,0.6175,,61,1,2598,36,68.09,8.58,31.91,3.77,26.5,89.11,76.39,,66.91,66.91,
Maluku Utara,Halmahera Tengah,2023,15.3,37997.848,665.28,103.37,11.44,552350,0.301,479.057,46.63,0.8536,,27,1,649,180,70.77,9.19,29.23,3.95,26.5,85.71,80.45,,65.06,67.48,
Maluku Utara,Kepulauan Sula,2023,44.37,26218.327,13.38,103.37,8.17,453476,0.27,28.33,55.17,0.5017,,33,1,2273,490,62.38,9.04,37.62,2.67,26.5,85.36,82.58,18.8,63.94,65.29,
Maluku Utara,Halmahera Selatan,2023,30.48,60838.665,393.42,103.37,5.68,400768,0.239,69.904,55.96,0.6278,,32,2,3247,245,73.24,8.17,26.76,2.44,26.5,87.44,74.79,,66.5,65.83,
Maluku Utara,Halmahera Utara,2023,31.22,44442.335,4235.33,103.37,4.62,378968,0.248,32.904,52.05,0.615,,60,1,4871,130,69.86,8.65,30.14,6.53,26.5,89.75,69.58,,70.11,69.05,
Maluku Utara,Halmahera Timur,2023,32.27,23929.156,18609.02,103.37,12.47,631233,0.3,54.984,52.06,0.6395,,15,1,1299,210,70.55,8.66,29.45,4.66,26.5,66.47,81.64,,69.9,68.82,
Maluku Utara,Pulau Morotai,2023,30.64,43050.305,2341.77,103.37,5.38,379931,0.301,23.752,56.51,0.7117,,34,1,1624,200,64.72,7.55,35.28,4.56,26.5,90.52,68.52,,68.1,64.73,
Maluku Utara,Pulau Taliabu,2023,39.21,22530.49,,103.37,7.31,491203,0.25,32.049,56.73,0.6376,,20,1,649,570,63.11,7.97,36.89,3.15,26.5,84.96,65.91,,62.79,62.31,
Maluku Utara,Kota Ternate,2023,17.86,33998.934,,103.37,3.39,668074,0.298,64.16,43.3,0.7445,,1307,2,11365,0,61.2,12.07,38.8,6.62,26.5,99.44,98.29,21.1,71.7,81.35,
Maluku Utara,Kota Tidore Kepulauan,2023,26.77,33067.566,29.94,103.37,6.35,540752,0.257,29.199,47.8,0.7238,,70,1,3897,12,68.72,9.97,31.28,3.52,26.5,94.81,91.77,,70.1,72.4,
Maluku,Kepulauan Tanimbar (Maluku Tenggara Barat),2024,35.83,8766.052,834.99,102.34,23.66,645956,0.253,27.728,52.54,0.4848,100,29.22,1,614,610,62.99,9.92,,4.24,31.77,93.32,80.51,29.5,70.2,67.69,98.88
Maluku,Maluku Tenggara,2024,30.97,80591.653,0,102.34,21.22,695738,0.248,34.92,55.12,0.606,78.25,122.35,1,977,555,67.58,9.84,,5.68,31.77,93.32,80.51,28.1,70.93,70.58,73.06
Maluku,Maluku Tengah,2024,34.3,116032.338,35730.15,102.34,17.67,614323,0.255,25.983,53.53,0.629,66.58,55.43,3,4161,83,66.05,9.79,,6.5,31.77,93.32,80.51,27,71.01,75.1,91.84
Maluku,Buru,2024,32.66,12860.461,43943.91,102.34,16.08,610346,0.253,22.256,54.07,0.6572,20.41,28.85,1,790,176,72.51,9.02,,4.66,31.77,93.32,80.51,25.4,70.34,72.55,91.46
Maluku,Kepulauan Aru,2024,33.39,53075.792,0,102.34,23.39,644112,0.292,43.62,53.24,0.5457,14.38,13.39,1,553,760,61.86,9.21,,1.83,31.77,93.32,80.51,37.6,70.4,69,93.28
Maluku,Seram Bagian Barat,2024,32.71,57765.059,2929.25,102.34,22.31,508517,0.252,18.037,53.83,0.5551,42.73,44.18,1,33,65,69.71,9.59,,4.52,31.77,93.32,80.51,33.8,71.18,72.54,86.96
Maluku,Seram Bagian Timur,2024,33.34,21740.41,7687.05,102.34,21.03,478721,0.201,25.034,56.21,0.5548,29.07,25.46,1,634,333,61.01,9,,3.24,31.77,93.32,80.51,35,68.73,70.28,96.97
Maluku,Maluku Barat Daya,2024,30.33,1943.727,0,102.34,27.95,686428,0.177,36.666,58.71,0.6644,32.9,19.03,3,1218,704,70.87,9.13,,2.36,31.77,93.32,80.51,23.7,69.65,67.68,90.15
Maluku,Buru Selatan,2024,33.01,12791.713,0,102.34,14.91,769919,0.225,23.34,55.26,0.4835,60.72,21.38,1,442,204,72.07,8.48,,1.35,31.77,93.32,80.51,39.7,70.28,68.54,91.36
Maluku,Kota Ambon,2024,27.62,3182.976,0,102.34,5.13,750166,0.263,54.699,43.59,0.7702,50.72,1214.42,1,3367,0,66.54,12.24,,11.44,31.77,93.32,80.51,19.7,73.14,83.37,100
Maluku,Kota Tual,2024,27.91,30392.47,0,102.34,20.01,746967,0.209,36.846,51.77,0.6465,100,364.57,1,1636,565,60.8,10.67,,8.68,31.77,93.32,80.51,25.2,71.72,72.48,63.33
Maluku Utara,Halmahera Barat,2024,33.55,23893.964,463.26,103.42,8.75,455327,0.271,21.359,54.41,0.5864,67.143,62,1,2784,36,69.35,8.59,,3.53,25.62,,,,67.13,67.53,89.6
Maluku Utara,Halmahera Tengah,2024,19.43,35930.18,1312.52,103.42,10.71,593903,0.316,532.124,45.65,0.9392,,27,1,696,180,71.09,9.2,,3.43,25.62,,,,65.35,68.45,93.06
Maluku Utara,Kepulauan Sula,2024,35.11,24597.581,171.13,103.42,7.96,485242,0.261,30.966,50.9,0.4993,8.349,33,1,2436,490,63.88,9.17,,2.57,25.62,,,,64.22,65.99,81.25
Maluku Utara,Halmahera Selatan,2024,28.3,56004.72,186.91,103.42,5.63,449334,0.235,83.147,58.55,0.678,33.202,33,2,3480,245,74.86,8.42,,2,25.62,,,,66.71,66.66,76.17
Maluku Utara,Halmahera Utara,2024,29.24,20366.757,7631.91,103.42,4.71,425857,0.259,34.521,50.63,0.6646,51.33,61,1,5220,130,70.83,8.67,,6.2,25.62,,,,70.35,69.78,83.33
Maluku Utara,Halmahera Timur,2024,29.13,22611.449,17555.22,103.42,11.91,655936,0.295,55.568,51.63,0.8045,,15,1,1392,210,69.68,8.88,,4.32,25.62,,,,70.04,69.58,75.96
Maluku Utara,Pulau Morotai,2024,30.13,41109.428,3908.91,103.42,5.11,428136,0.312,25.434,58.3,0.6435,,34,1,1740,200,66.91,7.73,,4.21,25.62,,,,68.39,65.68,85.23
Maluku Utara,Pulau Taliabu,2024,32.64,21146.674,,103.42,7.13,525953,0.261,34.281,58.48,0.6234,,21,1,696,570,65.6,7.99,,2.86,25.62,,,,63.05,62.9,90.14
Maluku Utara,Kota Ternate,2024,22.16,39877.731,,103.42,3.14,701354,0.29,70.89,42.76,0.9397,66.381,1322,2,12180,0,63.58,12.08,,6.42,25.62,,,21.1,71.98,82.12,84.62
Maluku Utara,Kota Tidore Kepulauan,2024,29.05,33195.777,3.09,103.42,6.56,581193,0.265,32.017,51.62,0.7511,60.212,71,1,4176,12,69.62,10.12,,3.49,25.62,,,,70.22,72.91,75.28
Maluku,Kepulauan Tanimbar (Maluku Tenggara Barat),2025,35.76,,847,98.79,23.38,682859,0.251,29.053,53.74,0.5341,100,29.63,1,585,610,63.18,9.93,36.82,4.21,36.17,92.83,83.09,,70.53,68.47,97.75
Maluku,Maluku Tenggara,2025,30.99,,0,98.79,21.16,728291,0.26,36.623,50.7,0.5602,81.89,123.57,1,921,555,66.95,9.85,33.05,6.01,36.17,92.83,83.09,,71.24,71.16,64.25
Maluku,Maluku Tengah,2025,30.26,,49520,98.79,16.71,643104,0.255,27.364,51.79,0.7116,69.74,56.03,3,3665,83,66.22,10.06,33.78,6.93,36.17,92.83,83.09,,71.28,75.87,92.35
Maluku,Buru,2025,32.36,,46418,98.79,15.11,638726,0.247,23.232,48.24,0.6907,21.98,29.22,1,847,176,72.8,9.28,27.2,4.66,36.17,92.83,83.09,,70.56,73.24,95.12
Maluku,Kepulauan Aru,2025,33.31,,0,98.79,23.1,673363,0.306,46.189,54.21,0.5641,9.87,13.61,1,536,760,61.64,9.46,38.36,2.1,36.17,92.83,83.09,,70.6,69.73,100
Maluku,Seram Bagian Barat,2025,32.94,,3795,98.79,21.85,554140,0.235,18.857,55.27,0.5636,42.73,44.88,1,35,65,70.76,9.6,29.24,4.92,36.17,92.83,83.09,,71.58,72.91,86.96
Maluku,Seram Bagian Timur,2025,33.63,,3239,98.79,20.9,524878,0.241,25.244,53.75,0.5481,79.97,25.86,1,640,333,61.89,9.25,38.11,3.18,36.17,92.83,83.09,,69.19,71.1,97.47
Maluku,Maluku Barat Daya,2025,30.73,,0,98.79,27.65,719253,0.189,38.809,58.64,0.6755,32.9,19.33,3,1248,704,71.07,9.39,28.93,2.69,36.17,92.83,83.09,,70.11,68.66,93.94
Maluku,Buru Selatan,2025,36.17,,0,98.79,14.84,789414,0.231,24.203,52.93,0.4697,91.3,21.75,1,417,204,72.36,8.74,27.64,1.29,36.17,92.83,83.09,,70.54,69.36,95.06
Maluku,Kota Ambon,2025,24.78,,0,98.79,4.34,783697,0.281,57.375,42.29,0.8285,53.92,1226.69,1,3700,0,66.22,12.37,33.78,11.37,36.17,92.83,83.09,,73.56,83.97,100
Maluku,Kota Tual,2025,30.73,,0,98.79,19.39,777956,0.231,38.387,52.28,0.6516,100,369.06,1,1455,565,60.55,10.68,39.45,8.96,36.17,92.83,83.09,,72.05,72.88,93.33
Maluku Utara,Halmahera Barat,2025,36.09,,150,106.05,7.9,525327,,22.782,54.56,0.604,69.567,62,1,2920,36,69.79,8.6,30.21,4.06,24.06,,,,,69.75,91.33
Maluku Utara,Halmahera Tengah,2025,19.03,,1362,106.05,9.16,647982,,870.96,49.02,0.981,,28,1,730,180,71.54,9.21,28.46,3.96,24.06,,,,,71.57,94.44
Maluku Utara,Kepulauan Sula,2025,37.36,,77,106.05,7.65,529754,,32.723,53.79,0.5087,10.077,33,1,2555,490,64.27,9.2,35.73,3.11,24.06,,,,,68.89,61.25
Maluku Utara,Halmahera Selatan,2025,26.77,,271,106.05,4.81,512217,,114.37,57.42,0.7166,32.168,33,2,3650,245,75.31,8.43,24.69,2.55,24.06,,,,,69.05,87.89
Maluku Utara,Halmahera Utara,2025,25.35,,4642,106.05,4.35,490223,,37.306,49.3,0.7118,70.663,62,1,5475,130,71.3,8.84,28.7,6.7,24.06,,,,,71.25,97.47
Maluku Utara,Halmahera Timur,2025,27.76,,11653,106.05,10.54,705734,,83.278,52.98,0.835,,15,1,1460,210,70.16,9.07,29.84,4.85,24.06,,,,,71.11,75.96
Maluku Utara,Pulau Morotai,2025,30.71,,4406,106.05,4.49,494261,,27.112,54,0.6237,,35,1,1825,200,67.33,7.91,32.67,4.74,24.06,,,,,67.86,84.09
Maluku Utara,Pulau Taliabu,2025,34.19,,,106.05,6.63,574242,,36.586,57.29,0.63,,21,1,730,570,66,8.15,34,3.4,24.06,,,,,65.61,49.3
Maluku Utara,Kota Ternate,2025,21.69,,,106.05,3.34,753052,,76.451,43.8,0.9449,68.208,1336,2,12775,0,63.97,12.09,36.03,6.92,24.06,,,,,83.01,87.18
Maluku Utara,Kota Tidore Kepulauan,2025,28.68,,81,106.05,6.54,643293,,33.446,47.76,0.7703,54.954,72,1,4380,12,70.05,10.18,29.95,4.02,24.06,,,,,74.63,70.79
